[
  {
    "Beneficiary Name": "Agrimika Holdings",
    "Feb-25": " 14,236 ",
    "Jan-25": " 43,010 ",
    "Dec-24": " 56,091 ",
    "Nov-24": " 23,108 ",
    "Oct-24": " 12,669 ",
    "Sep-24": " 17,529 ",
    "Aug-24": " 30,842 ",
    "Jul-24": " 12,176 ",
    "Jun-24": " 15,062 ",
    "May-24": " 18,922 ",
    "Apr-24": " 22,436 ",
    "Mar-24": " 15,745 ",
    "Total Amount ": " 281,826 "
  },
  {
    "Beneficiary Name": "Alondekuhle",
    "Feb-25": " 89 ",
    "Jan-25": " 14,007 ",
    "Dec-24": " 17,097 ",
    "Nov-24": " 15,100 ",
    "Oct-24": " 5,437 ",
    "Sep-24": " 7,042 ",
    "Aug-24": " 5,238 ",
    "Jul-24": " 16,350 ",
    "Jun-24": " 12,660 ",
    "May-24": " 16,586 ",
    "Apr-24": " 11,310 ",
    "Mar-24": " 25,170 ",
    "Total Amount ": " 146,086 "
  },
  {
    "Beneficiary Name": "Amatshana Holdings",
    "Feb-25": " 32,371 ",
    "Jan-25": " 21,012 ",
    "Dec-24": " 35,988 ",
    "Nov-24": " 30,176 ",
    "Oct-24": " R28,659 ",
    "Sep-24": " R26,044 ",
    "Aug-24": " R12,500 ",
    "Jul-24": " R10,852 ",
    "Jun-24": " R6,913 ",
    "May-24": " R16,607 ",
    "Apr-24": " R15,607 ",
    "Mar-24": " R16,894 ",
    "Total Amount ": " 253,623 "
  },
  {
    "Beneficiary Name": "Asakhe Hardware",
    "Feb-25": " -   ",
    "Jan-25": " 30,438 ",
    "Dec-24": " 550 ",
    "Nov-24": " 74,173 ",
    "Oct-24": " R49,712 ",
    "Sep-24": " R19,466 ",
    "Aug-24": " R35,194 ",
    "Jul-24": " R70,345 ",
    "Jun-24": " R10,770 ",
    "May-24": " R57,851 ",
    "Apr-24": " R46,672 ",
    "Mar-24": " R1,000 ",
    "Total Amount ": " 396,171 "
  },
  {
    "Beneficiary Name": "Bafisha",
    "Feb-25": " R15,127 ",
    "Jan-25": " R6,714 ",
    "Dec-24": " R7,824 ",
    "Nov-24": " R9,908 ",
    "Oct-24": " R10,765 ",
    "Sep-24": " R21,838 ",
    "Aug-24": " R13,996 ",
    "Jul-24": " R20,699 ",
    "Jun-24": " R11,106 ",
    "May-24": " R19,470 ",
    "Apr-24": " R11,385 ",
    "Mar-24": " R13,403 ",
    "Total Amount ": " 162,235 "
  },
  {
    "Beneficiary Name": "Bayanolwa ",
    "Feb-25": " 3,106 ",
    "Jan-25": " 15,568 ",
    "Dec-24": " 8,347 ",
    "Nov-24": " 4,721 ",
    "Oct-24": " 5,688 ",
    "Sep-24": " 1,867 ",
    "Aug-24": " 12,904 ",
    "Jul-24": " 4,560 ",
    "Jun-24": " 6,882 ",
    "May-24": " 3,170 ",
    "Apr-24": " 1,930 ",
    "Mar-24": " 4,742 ",
    "Total Amount ": " 73,485 "
  },
  {
    "Beneficiary Name": "Bourwa Project and Consulting",
    "Feb-25": " -   ",
    "Jan-25": " 80,855 ",
    "Dec-24": " 531 ",
    "Nov-24": " 488 ",
    "Oct-24": " -   ",
    "Sep-24": " -   ",
    "Aug-24": " 40,141 ",
    "Jul-24": " 24,001 ",
    "Jun-24": " 130 ",
    "May-24": " 28,579 ",
    "Apr-24": " 76,252 ",
    "Mar-24": " -   ",
    "Total Amount ": " 250,977 "
  },
  {
    "Beneficiary Name": "Chaliluque Services ",
    "Feb-25": " 1,100 ",
    "Jan-25": " 2,150 ",
    "Dec-24": " 7,200 ",
    "Nov-24": " 24,087 ",
    "Oct-24": " 2,150 ",
    "Sep-24": " -   ",
    "Aug-24": " 21,937 ",
    "Jul-24": " -   ",
    "Jun-24": " 1,500 ",
    "May-24": " 1,200 ",
    "Apr-24": " 5,075 ",
    "Mar-24": " 5,375 ",
    "Total Amount ": " 71,774 "
  },
  {
    "Beneficiary Name": "Chule Enterprise and Logistics",
    "Feb-25": " 51,520 ",
    "Jan-25": " 20,978 ",
    "Dec-24": " 25,240 ",
    "Nov-24": " 14,248 ",
    "Oct-24": " 25,483 ",
    "Sep-24": " 12,060 ",
    "Aug-24": " 22,034 ",
    "Jul-24": " 17,954 ",
    "Jun-24": " 10,563 ",
    "May-24": " 25,544 ",
    "Apr-24": " 121,001 ",
    "Mar-24": " 16,820 ",
    "Total Amount ": " 363,445 "
  },
  {
    "Beneficiary Name": "Dlakadla Holdings ",
    "Feb-25": " 5,700 ",
    "Jan-25": " 27,372 ",
    "Dec-24": " 7,490 ",
    "Nov-24": " 25,496 ",
    "Oct-24": " 32,827 ",
    "Sep-24": " 4,730 ",
    "Aug-24": " 11,830 ",
    "Jul-24": " 13,450 ",
    "Jun-24": " 1,500 ",
    "May-24": " 16,000 ",
    "Apr-24": " -   ",
    "Mar-24": " -   ",
    "Total Amount ": " 146,395 "
  },
  {
    "Beneficiary Name": "Dongelihle Trading ",
    "Feb-25": " 4,880 ",
    "Jan-25": " 25,490 ",
    "Dec-24": " 1,900 ",
    "Nov-24": " 4,430 ",
    "Oct-24": " 4,090 ",
    "Sep-24": " 9,455 ",
    "Aug-24": " 13,080 ",
    "Jul-24": " 2,775 ",
    "Jun-24": " 1,380 ",
    "May-24": " 2,860 ",
    "Apr-24": " 4,928 ",
    "Mar-24": " 570 ",
    "Total Amount ": " 75,838 "
  },
  {
    "Beneficiary Name": "Fefe Willy Beauty",
    "Feb-25": " 38,000 ",
    "Jan-25": " 52,000 ",
    "Dec-24": " 60,000 ",
    "Nov-24": " 29,000 ",
    "Oct-24": " 57,000 ",
    "Sep-24": " 53,000 ",
    "Aug-24": " 41,000 ",
    "Jul-24": " 35,000 ",
    "Jun-24": " 28,200 ",
    "May-24": " 67,815 ",
    "Apr-24": " 40,206 ",
    "Mar-24": " 53,109 ",
    "Total Amount ": " 554,330 "
  },
  {
    "Beneficiary Name": "FNS Visuals",
    "Feb-25": " 8,003 ",
    "Jan-25": " 10 ",
    "Dec-24": " 10,058 ",
    "Nov-24": " 1,651 ",
    "Oct-24": " 10,512 ",
    "Sep-24": " 6,252 ",
    "Aug-24": " 1,710 ",
    "Jul-24": " 12,054 ",
    "Jun-24": " 11,324 ",
    "May-24": " 11,408 ",
    "Apr-24": " 12,783 ",
    "Mar-24": " 6,619 ",
    "Total Amount ": " 92,384 "
  },
  {
    "Beneficiary Name": "Ikhonabox Lifestyle",
    "Feb-25": " 14,443 ",
    "Jan-25": " 15,673 ",
    "Dec-24": " 22,845 ",
    "Nov-24": " 17,541 ",
    "Oct-24": " 10,577 ",
    "Sep-24": " 3,650 ",
    "Aug-24": " 750 ",
    "Jul-24": " -   ",
    "Jun-24": " 320 ",
    "May-24": " 4,120 ",
    "Apr-24": " -   ",
    "Mar-24": " 200 ",
    "Total Amount ": " 90,119 "
  },
  {
    "Beneficiary Name": "Illuminous Pictures",
    "Feb-25": " 7,215 ",
    "Jan-25": " 1,560 ",
    "Dec-24": " 9,460 ",
    "Nov-24": " 55,425 ",
    "Oct-24": " 2,750 ",
    "Sep-24": " 10,700 ",
    "Aug-24": " 4,291 ",
    "Jul-24": " 1,000 ",
    "Jun-24": " 12,925 ",
    "May-24": " 7,584 ",
    "Apr-24": " 3,999 ",
    "Mar-24": " 9,340 ",
    "Total Amount ": " 126,249 "
  },
  {
    "Beneficiary Name": "Izwelethu Developments",
    "Feb-25": " 3,500 ",
    "Jan-25": " 1,500 ",
    "Dec-24": " 12,708 ",
    "Nov-24": " 10,876 ",
    "Oct-24": " 9,549 ",
    "Sep-24": " 22,057 ",
    "Aug-24": " 7,154 ",
    "Jul-24": " 11,300 ",
    "Jun-24": " 33,000 ",
    "May-24": " 1,200 ",
    "Apr-24": " 12,673 ",
    "Mar-24": " 5,000 ",
    "Total Amount ": " 130,517 "
  },
  {
    "Beneficiary Name": "Legendary S Academy and Training",
    "Feb-25": " 36,796 ",
    "Jan-25": " 49,904 ",
    "Dec-24": " 17,451 ",
    "Nov-24": " 29,481 ",
    "Oct-24": " 25,858 ",
    "Sep-24": "",
    "Aug-24": " 24,103 ",
    "Jul-24": " 37,132 ",
    "Jun-24": " 12,534 ",
    "May-24": " 24,044 ",
    "Apr-24": " 42,722 ",
    "Mar-24": " 14,389 ",
    "Total Amount ": " 314,413 "
  },
  {
    "Beneficiary Name": "Mesda Bed and Breakfast",
    "Feb-25": " -   ",
    "Jan-25": " -   ",
    "Dec-24": " 5,703 ",
    "Nov-24": " 18,250 ",
    "Oct-24": " 40,950 ",
    "Sep-24": " 38,917 ",
    "Aug-24": " 33,835 ",
    "Jul-24": " 25,365 ",
    "Jun-24": " 10,850 ",
    "May-24": " -   ",
    "Apr-24": " -   ",
    "Mar-24": " -   ",
    "Total Amount ": " 173,870 "
  },
  {
    "Beneficiary Name": "Mkhunji Trading and Enterprises",
    "Feb-25": " 7,200 ",
    "Jan-25": " 16,712 ",
    "Dec-24": " 10,100 ",
    "Nov-24": " 27,150 ",
    "Oct-24": " 25,250 ",
    "Sep-24": " R26,653 ",
    "Aug-24": " R8,020 ",
    "Jul-24": " R8,120 ",
    "Jun-24": " R8,150 ",
    "May-24": " R4,400 ",
    "Apr-24": " R10,000 ",
    "Mar-24": " R1,550 ",
    "Total Amount ": " 153,305 "
  },
  {
    "Beneficiary Name": "Ntwaworld (Pty) Ltd",
    "Feb-25": " 150 ",
    "Jan-25": " 230 ",
    "Dec-24": " 700 ",
    "Nov-24": " 131,900 ",
    "Oct-24": " 3,950 ",
    "Sep-24": " 7,655 ",
    "Aug-24": " 65,194 ",
    "Jul-24": " 8,000 ",
    "Jun-24": " 31,084 ",
    "May-24": " 14,800 ",
    "Apr-24": " 64,800 ",
    "Mar-24": " 200 ",
    "Total Amount ": " 328,663 "
  },
  {
    "Beneficiary Name": "Perfectionist Fashion Design",
    "Feb-25": " 2,300 ",
    "Jan-25": " 5,295 ",
    "Dec-24": " 23,520 ",
    "Nov-24": " 18,682 ",
    "Oct-24": " 20,557 ",
    "Sep-24": " 3,190 ",
    "Aug-24": " 6,202 ",
    "Jul-24": " 28,668 ",
    "Jun-24": " 16,524 ",
    "May-24": " 18,980 ",
    "Apr-24": " 7,127 ",
    "Mar-24": " 4,600 ",
    "Total Amount ": " 155,645 "
  },
  {
    "Beneficiary Name": "Pure Vawter",
    "Feb-25": " 11,223 ",
    "Jan-25": " 16,899 ",
    "Dec-24": " 11,980 ",
    "Nov-24": " 37,987 ",
    "Oct-24": " 17,313 ",
    "Sep-24": " 8,592 ",
    "Aug-24": " 34,082 ",
    "Jul-24": " 9,230 ",
    "Jun-24": " 5,080 ",
    "May-24": " 4,934 ",
    "Apr-24": " 7,271 ",
    "Mar-24": " 13,821 ",
    "Total Amount ": " 178,412 "
  },
  {
    "Beneficiary Name": "Recovery Credit Dispute",
    "Feb-25": " 38,540 ",
    "Jan-25": " 34,134 ",
    "Dec-24": " 44,333 ",
    "Nov-24": " 51,729 ",
    "Oct-24": " 40,122 ",
    "Sep-24": " 41,508 ",
    "Aug-24": " 47,328 ",
    "Jul-24": " 54,309 ",
    "Jun-24": " 50,101 ",
    "May-24": " 37,594 ",
    "Apr-24": " 47,402 ",
    "Mar-24": " 3,809 ",
    "Total Amount ": " 490,909 "
  },
  {
    "Beneficiary Name": "S Dube Services ",
    "Feb-25": " 8,330 ",
    "Jan-25": " 23,254 ",
    "Dec-24": " 20,063 ",
    "Nov-24": " 19,962 ",
    "Oct-24": " 15,445 ",
    "Sep-24": " 3,747 ",
    "Aug-24": " 16,800 ",
    "Jul-24": " 25,241 ",
    "Jun-24": " 18,347 ",
    "May-24": " 16,600 ",
    "Apr-24": " 3,475 ",
    "Mar-24": " 1,943 ",
    "Total Amount ": " 173,207 "
  },
  {
    "Beneficiary Name": "Shepherd Media Comunications",
    "Feb-25": "5290",
    "Jan-25": "12070",
    "Dec-24": "54870",
    "Nov-24": "65187",
    "Oct-24": "46057",
    "Sep-24": "1717",
    "Aug-24": "19940",
    "Jul-24": "7299",
    "Jun-24": "56010",
    "May-24": "143700",
    "Apr-24": "2641",
    "Mar-24": "13649",
    "Total Amount ": " 428,430 "
  },
  {
    "Beneficiary Name": "Signery Signs (Pty) Ltd",
    "Feb-25": " 28,232 ",
    "Jan-25": " 25,514 ",
    "Dec-24": " 29,259 ",
    "Nov-24": " 22,029 ",
    "Oct-24": " 15,521 ",
    "Sep-24": " 12,081 ",
    "Aug-24": " 39,799 ",
    "Jul-24": " 5,536 ",
    "Jun-24": " 51,943 ",
    "May-24": " 19,862 ",
    "Apr-24": " 19,238 ",
    "Mar-24": " 27,101 ",
    "Total Amount ": " 296,115 "
  },
  {
    "Beneficiary Name": "Siyaqhuba Electrical",
    "Feb-25": " 20,260 ",
    "Jan-25": " 15,981 ",
    "Dec-24": " 17,844 ",
    "Nov-24": " 73,817 ",
    "Oct-24": " 27,776 ",
    "Sep-24": " 23,423 ",
    "Aug-24": " 22,781 ",
    "Jul-24": " 15,043 ",
    "Jun-24": " 17,936 ",
    "May-24": " 50,785 ",
    "Apr-24": " 10,577 ",
    "Mar-24": " 41,530 ",
    "Total Amount ": " 337,753 "
  },
  {
    "Beneficiary Name": "SK and Mvelo Holdings",
    "Feb-25": " 21,622 ",
    "Jan-25": " 20,340 ",
    "Dec-24": " 33,970 ",
    "Nov-24": " 23,200 ",
    "Oct-24": " 18,460 ",
    "Sep-24": " 17,749 ",
    "Aug-24": " 10,540 ",
    "Jul-24": " 250 ",
    "Jun-24": " 750 ",
    "May-24": " 8,350 ",
    "Apr-24": " 8,000 ",
    "Mar-24": " 600 ",
    "Total Amount ": " 163,831 "
  },
  {
    "Beneficiary Name": "SmaEve Designs ",
    "Feb-25": " 32,650 ",
    "Jan-25": " 20,379 ",
    "Dec-24": " 11,500 ",
    "Nov-24": " 20,015 ",
    "Oct-24": " 37,360 ",
    "Sep-24": " 15,012 ",
    "Aug-24": " 16,820 ",
    "Jul-24": " 7,295 ",
    "Jun-24": " 34,650 ",
    "May-24": " 36,885 ",
    "Apr-24": " 4,725 ",
    "Mar-24": " 4,100 ",
    "Total Amount ": " 241,391 "
  },
  {
    "Beneficiary Name": "Snekhethelo Business Enterprise",
    "Feb-25": " 8,625 ",
    "Jan-25": " 4,973 ",
    "Dec-24": " 6,787 ",
    "Nov-24": " 7,677 ",
    "Oct-24": " 11,775 ",
    "Sep-24": " 8,941 ",
    "Aug-24": " 15,702 ",
    "Jul-24": " 15,182 ",
    "Jun-24": " 15,820 ",
    "May-24": " 20,922 ",
    "Apr-24": " 19,863 ",
    "Mar-24": " 770 ",
    "Total Amount ": " 137,037 "
  },
  {
    "Beneficiary Name": "SNV Solutions ",
    "Feb-25": " 11,708 ",
    "Jan-25": " 41,695 ",
    "Dec-24": " 76,200 ",
    "Nov-24": " 34,185 ",
    "Oct-24": " 56,406 ",
    "Sep-24": " 13,975 ",
    "Aug-24": " 25,477 ",
    "Jul-24": " 32,461 ",
    "Jun-24": " 39,516 ",
    "May-24": " 23,403 ",
    "Apr-24": " 20,449 ",
    "Mar-24": " 19,921 ",
    "Total Amount ": " 395,396 "
  },
  {
    "Beneficiary Name": "Sokhulu and Partners Car Hire",
    "Feb-25": " 4,900 ",
    "Jan-25": " 14,310 ",
    "Dec-24": " 34,360 ",
    "Nov-24": " 11,340 ",
    "Oct-24": " 22,400 ",
    "Sep-24": " 7,450 ",
    "Aug-24": " 13,000 ",
    "Jul-24": " 223,900 ",
    "Jun-24": " 16,650 ",
    "May-24": " 39,010 ",
    "Apr-24": " 13,160 ",
    "Mar-24": " 25,825 ",
    "Total Amount ": " 426,305 "
  },
  {
    "Beneficiary Name": "Solwakhe ",
    "Feb-25": " 31,699 ",
    "Jan-25": " 38,862 ",
    "Dec-24": " 36,159 ",
    "Nov-24": " 32,793 ",
    "Oct-24": " 29,318 ",
    "Sep-24": " 24,409 ",
    "Aug-24": " 12,814 ",
    "Jul-24": " 20,381 ",
    "Jun-24": " 10,814 ",
    "May-24": " 26,672 ",
    "Apr-24": " 28,132 ",
    "Mar-24": " 20,851 ",
    "Total Amount ": " 312,904 "
  },
  {
    "Beneficiary Name": "Sthenjwa Visuals",
    "Feb-25": " 12,900 ",
    "Jan-25": " 9,065 ",
    "Dec-24": " 13,200 ",
    "Nov-24": " 17,420 ",
    "Oct-24": " 13,330 ",
    "Sep-24": " 12,285 ",
    "Aug-24": " 9,100 ",
    "Jul-24": " 14,323 ",
    "Jun-24": " 4,650 ",
    "May-24": " 3,040 ",
    "Apr-24": " 7,250 ",
    "Mar-24": " 23,898 ",
    "Total Amount ": " 140,461 "
  },
  {
    "Beneficiary Name": "Thabza Net",
    "Feb-25": " 11,276 ",
    "Jan-25": " 10,268 ",
    "Dec-24": " 3,610 ",
    "Nov-24": " 6,851 ",
    "Oct-24": " 2,945 ",
    "Sep-24": " 5,322 ",
    "Aug-24": " 5,889 ",
    "Jul-24": " 10,353 ",
    "Jun-24": " 3,108 ",
    "May-24": " 5,845 ",
    "Apr-24": " 4,250 ",
    "Mar-24": " 1,230 ",
    "Total Amount ": " 70,947 "
  },
  {
    "Beneficiary Name": "Thulys Fast Food",
    "Feb-25": " 3,558 ",
    "Jan-25": " 2,479 ",
    "Dec-24": " 3,901 ",
    "Nov-24": " 4,424 ",
    "Oct-24": " 4,379 ",
    "Sep-24": " 3,200 ",
    "Aug-24": " 2,071 ",
    "Jul-24": " 3,585 ",
    "Jun-24": " 5,249 ",
    "May-24": " 3,364 ",
    "Apr-24": " 4,683 ",
    "Mar-24": " 6,728 ",
    "Total Amount ": " 47,621 "
  },
  {
    "Beneficiary Name": "TSCUAA",
    "Feb-25": " 14,740 ",
    "Jan-25": " 15,871 ",
    "Dec-24": " 11,420 ",
    "Nov-24": " 11,194 ",
    "Oct-24": " 12,140 ",
    "Sep-24": " 14,036 ",
    "Aug-24": " 1,430 ",
    "Jul-24": " 6,450 ",
    "Jun-24": " 17,381 ",
    "May-24": " 7,000 ",
    "Apr-24": " 12,933 ",
    "Mar-24": " 14,322 ",
    "Total Amount ": " 138,917 "
  },
  {
    "Beneficiary Name": "Umathole Amahle",
    "Feb-25": " 15,980 ",
    "Jan-25": " 18,675 ",
    "Dec-24": " 19,900 ",
    "Nov-24": " 28,196 ",
    "Oct-24": " 1,747 ",
    "Sep-24": " 14,313 ",
    "Aug-24": " 16,265 ",
    "Jul-24": " 11,055 ",
    "Jun-24": " 4,206 ",
    "May-24": " 4,850 ",
    "Apr-24": " 6,720 ",
    "Mar-24": " 5,267 ",
    "Total Amount ": " 147,174 "
  },
  {
    "Beneficiary Name": "VBM Legacy",
    "Feb-25": " 9,736 ",
    "Jan-25": " 6,350 ",
    "Dec-24": " 9,882 ",
    "Nov-24": " 39,286 ",
    "Oct-24": " 10,368 ",
    "Sep-24": " 8,376 ",
    "Aug-24": " 10,636 ",
    "Jul-24": " 20,276 ",
    "Jun-24": " 12,899 ",
    "May-24": " 10,392 ",
    "Apr-24": " 7,724 ",
    "Mar-24": " 4,495 ",
    "Total Amount ": " 150,420 "
  },
  {
    "Beneficiary Name": "Vuks Engineering and Construction",
    "Feb-25": " 38,245 ",
    "Jan-25": " 3,200 ",
    "Dec-24": " 9,300 ",
    "Nov-24": " 6,650 ",
    "Oct-24": " 10,000 ",
    "Sep-24": " -   ",
    "Aug-24": " 14,450 ",
    "Jul-24": " 750 ",
    "Jun-24": " -   ",
    "May-24": " -   ",
    "Apr-24": " 44,500 ",
    "Mar-24": " -   ",
    "Total Amount ": " 127,095"
  }
]
