{
    "count": 40,
    "inserted_count": 39,
    "updated_count": 1,
    "inserted": [
        {
            "id": 59,
            "sector_name": null,
            "contact_person": null,
            "name": "035 Freshcuts (Pty) Ltd",
            "registration_no": "2022\/827697\/07",
            "bbbee_level": null,
            "cipc_status": "No returns filed 23\/24 O\/S - Deregistered status",
            "service_offering": "Barbor",
            "description": "#fy24",
            "city": "Richards Bay",
            "suburb": null,
            "address": null,
            "postal_code": null,
            "business_location": "Richards Bay",
            "contact_number": "078 273 5369",
            "email_address": "mduduziskhumbuzomadondo@gmail.com",
            "trading_name": "035 Freshcuts (Pty) Ltd",
            "youth_owned": true,
            "black_ownership": true,
            "black_women_ownership": false,
            "youth_owned_text": "Youth",
            "black_ownership_text": "Black Owned",
            "black_women_ownership_text": null,
            "compliance_notes": null,
            "has_valid_bbbbee": false,
            "has_tax_clearance": false,
            "is_sars_registered": false,
            "has_cipc_registration": true,
            "bbbee_valid_status": "Expired",
            "bbbee_expiry_date": "2024-10-03",
            "tax_valid_status": null,
            "tax_pin_expiry_date": null,
            "vat_number": null,
            "turnover_estimated": null,
            "turnover_actual": null,
            "permanent_employees": 0,
            "temporary_employees": 0,
            "locations": "Richards Bay",
            "created_at": "2025-09-19 06:27:14",
            "updated_at": "2025-09-19 06:27:14",
            "industry_id": null
        },
        {
            "id": 60,
            "sector_name": null,
            "contact_person": null,
            "name": "Amorh  Group ",
            "registration_no": "2023\/129904\/07",
            "bbbee_level": null,
            "cipc_status": "No returns filed 23\/24 O\/S - In Business",
            "service_offering": "Agriculture",
            "description": "#fy24",
            "city": "Mzingazi",
            "suburb": null,
            "address": null,
            "postal_code": null,
            "business_location": "Mzingazi",
            "contact_number": "665771716",
            "email_address": "slindilekhumalo020@gmail.com",
            "trading_name": "Amorh  Group ",
            "youth_owned": true,
            "black_ownership": true,
            "black_women_ownership": true,
            "youth_owned_text": "Youth",
            "black_ownership_text": "Black Owned",
            "black_women_ownership_text": "BlackWomen",
            "compliance_notes": null,
            "has_valid_bbbbee": false,
            "has_tax_clearance": false,
            "is_sars_registered": false,
            "has_cipc_registration": true,
            "bbbee_valid_status": "Expired",
            "bbbee_expiry_date": "2025-06-10",
            "tax_valid_status": null,
            "tax_pin_expiry_date": null,
            "vat_number": null,
            "turnover_estimated": null,
            "turnover_actual": null,
            "permanent_employees": 0,
            "temporary_employees": 0,
            "locations": "Mzingazi",
            "created_at": "2025-09-19 06:27:14",
            "updated_at": "2025-09-19 06:27:14",
            "industry_id": null
        },
        {
            "id": 61,
            "sector_name": null,
            "contact_person": null,
            "name": "Avukile Amancwane",
            "registration_no": "2020\/719839\/07",
            "bbbee_level": null,
            "cipc_status": "Up to date - In Business",
            "service_offering": "Clothing & Textiles",
            "description": "#fy24",
            "city": "Esikhawini",
            "suburb": null,
            "address": null,
            "postal_code": null,
            "business_location": "Esikhawini",
            "contact_number": "0633545978",
            "email_address": "nonhlanhlaphilile2@gmail.com",
            "trading_name": "Avukile Amancwane",
            "youth_owned": false,
            "black_ownership": true,
            "black_women_ownership": true,
            "youth_owned_text": "Over 35",
            "black_ownership_text": "Black Owned",
            "black_women_ownership_text": "BlackWomen",
            "compliance_notes": null,
            "has_valid_bbbbee": true,
            "has_tax_clearance": false,
            "is_sars_registered": false,
            "has_cipc_registration": true,
            "bbbee_valid_status": "Valid",
            "bbbee_expiry_date": "2026-03-03",
            "tax_valid_status": null,
            "tax_pin_expiry_date": null,
            "vat_number": null,
            "turnover_estimated": null,
            "turnover_actual": null,
            "permanent_employees": 0,
            "temporary_employees": 0,
            "locations": "Esikhawini",
            "created_at": "2025-09-19 06:27:14",
            "updated_at": "2025-09-19 06:27:14",
            "industry_id": null
        },
        {
            "id": 62,
            "sector_name": null,
            "contact_person": null,
            "name": "Basi Group (Pty) Ltd",
            "registration_no": "2018\/573529\/07",
            "bbbee_level": null,
            "cipc_status": "2024 Returns O\/S - In Business",
            "service_offering": "Agriculture",
            "description": "#fy24",
            "city": "Mandlazini",
            "suburb": null,
            "address": null,
            "postal_code": null,
            "business_location": "Mandlazini",
            "contact_number": "062 216 9616",
            "email_address": "vsandile.lukele1@gmail.com",
            "trading_name": "Basi Group (Pty) Ltd",
            "youth_owned": true,
            "black_ownership": true,
            "black_women_ownership": false,
            "youth_owned_text": "Youth",
            "black_ownership_text": "Black Owned",
            "black_women_ownership_text": null,
            "compliance_notes": null,
            "has_valid_bbbbee": false,
            "has_tax_clearance": false,
            "is_sars_registered": false,
            "has_cipc_registration": true,
            "bbbee_valid_status": "Expired",
            "bbbee_expiry_date": "2024-05-12",
            "tax_valid_status": null,
            "tax_pin_expiry_date": null,
            "vat_number": null,
            "turnover_estimated": null,
            "turnover_actual": null,
            "permanent_employees": 0,
            "temporary_employees": 0,
            "locations": "Mandlazini",
            "created_at": "2025-09-19 06:27:14",
            "updated_at": "2025-09-19 06:27:14",
            "industry_id": null
        },
        {
            "id": 63,
            "sector_name": null,
            "contact_person": null,
            "name": "Chalah04 Mixed Farm (Pty) Ltd",
            "registration_no": "2023\/129344\/07",
            "bbbee_level": null,
            "cipc_status": "2024 Returns O\/S - In Business",
            "service_offering": "Agriculture",
            "description": "#fy24",
            "city": "Enseleni",
            "suburb": null,
            "address": null,
            "postal_code": null,
            "business_location": "Enseleni",
            "contact_number": "0633545978",
            "email_address": "chalaha04productionfarm@gmail.com",
            "trading_name": "Chalah04 Mixed Farm (Pty) Ltd",
            "youth_owned": true,
            "black_ownership": true,
            "black_women_ownership": false,
            "youth_owned_text": "Youth",
            "black_ownership_text": "Black Owned",
            "black_women_ownership_text": null,
            "compliance_notes": null,
            "has_valid_bbbbee": false,
            "has_tax_clearance": false,
            "is_sars_registered": false,
            "has_cipc_registration": true,
            "bbbee_valid_status": "Expired",
            "bbbee_expiry_date": "2024-10-22",
            "tax_valid_status": null,
            "tax_pin_expiry_date": null,
            "vat_number": null,
            "turnover_estimated": null,
            "turnover_actual": null,
            "permanent_employees": 0,
            "temporary_employees": 0,
            "locations": "Enseleni",
            "created_at": "2025-09-19 06:27:14",
            "updated_at": "2025-09-19 06:27:14",
            "industry_id": null
        },
        {
            "id": 64,
            "sector_name": null,
            "contact_person": null,
            "name": "Gugulethu Plumbing and renovations",
            "registration_no": "2009\/101895\/23",
            "bbbee_level": null,
            "cipc_status": "2025 Returns O\/S - In Business",
            "service_offering": "Plumbing",
            "description": "#fy24",
            "city": "Esikhawini",
            "suburb": null,
            "address": null,
            "postal_code": null,
            "business_location": "Esikhawini",
            "contact_number": "073 334 4225",
            "email_address": "gugulethu.mabuza@gmail.com",
            "trading_name": "Gugulethu Plumbing and renovations",
            "youth_owned": false,
            "black_ownership": true,
            "black_women_ownership": false,
            "youth_owned_text": "Over 35",
            "black_ownership_text": "Black Owned",
            "black_women_ownership_text": null,
            "compliance_notes": null,
            "has_valid_bbbbee": false,
            "has_tax_clearance": false,
            "is_sars_registered": false,
            "has_cipc_registration": true,
            "bbbee_valid_status": "Expired",
            "bbbee_expiry_date": "2024-07-10",
            "tax_valid_status": null,
            "tax_pin_expiry_date": null,
            "vat_number": null,
            "turnover_estimated": null,
            "turnover_actual": null,
            "permanent_employees": 0,
            "temporary_employees": 0,
            "locations": "Esikhawini",
            "created_at": "2025-09-19 06:27:14",
            "updated_at": "2025-09-19 06:27:14",
            "industry_id": null
        },
        {
            "id": 65,
            "sector_name": null,
            "contact_person": null,
            "name": "Ikhaya Lezimomondiya",
            "registration_no": "2021\/633820\/07",
            "bbbee_level": null,
            "cipc_status": "Up to date - In Business",
            "service_offering": "Clothing & Textiles",
            "description": "#fy24",
            "city": "Esikhawini",
            "suburb": null,
            "address": null,
            "postal_code": null,
            "business_location": "Esikhawini",
            "contact_number": "0765290825",
            "email_address": "ikhayacorporate@gmail.com",
            "trading_name": "Ikhaya Lezimomondiya",
            "youth_owned": true,
            "black_ownership": true,
            "black_women_ownership": true,
            "youth_owned_text": "Youth",
            "black_ownership_text": "Black Owned",
            "black_women_ownership_text": "BlackWomen",
            "compliance_notes": null,
            "has_valid_bbbbee": false,
            "has_tax_clearance": false,
            "is_sars_registered": false,
            "has_cipc_registration": true,
            "bbbee_valid_status": "Expired",
            "bbbee_expiry_date": "2024-10-27",
            "tax_valid_status": null,
            "tax_pin_expiry_date": null,
            "vat_number": null,
            "turnover_estimated": null,
            "turnover_actual": null,
            "permanent_employees": 0,
            "temporary_employees": 0,
            "locations": "Esikhawini",
            "created_at": "2025-09-19 06:27:14",
            "updated_at": "2025-09-19 06:27:14",
            "industry_id": null
        },
        {
            "id": 66,
            "sector_name": null,
            "contact_person": null,
            "name": "Imamba Crafters (Pty) Ltd",
            "registration_no": "2021\/724572\/07",
            "bbbee_level": null,
            "cipc_status": "2025 Returns O\/S - In Business",
            "service_offering": "Leather Manufacturing",
            "description": "#fy24",
            "city": "Aquadene",
            "suburb": null,
            "address": null,
            "postal_code": null,
            "business_location": "Aquadene",
            "contact_number": "0790431928",
            "email_address": "vukanimandla@gmail.com",
            "trading_name": "Imamba Crafters (Pty) Ltd",
            "youth_owned": true,
            "black_ownership": true,
            "black_women_ownership": false,
            "youth_owned_text": "Youth",
            "black_ownership_text": "Black Owned",
            "black_women_ownership_text": null,
            "compliance_notes": null,
            "has_valid_bbbbee": true,
            "has_tax_clearance": false,
            "is_sars_registered": false,
            "has_cipc_registration": true,
            "bbbee_valid_status": "Valid",
            "bbbee_expiry_date": "2025-10-31",
            "tax_valid_status": null,
            "tax_pin_expiry_date": null,
            "vat_number": null,
            "turnover_estimated": null,
            "turnover_actual": null,
            "permanent_employees": 0,
            "temporary_employees": 0,
            "locations": "Aquadene",
            "created_at": "2025-09-19 06:27:14",
            "updated_at": "2025-09-19 06:27:14",
            "industry_id": null
        },
        {
            "id": 67,
            "sector_name": null,
            "contact_person": null,
            "name": "Impilo Entertainment",
            "registration_no": "2013\/178899\/07",
            "bbbee_level": null,
            "cipc_status": "Up to date - In Business",
            "service_offering": "Events",
            "description": "#fy24",
            "city": "Esikhawini",
            "suburb": null,
            "address": null,
            "postal_code": null,
            "business_location": "Esikhawini",
            "contact_number": "0630350140",
            "email_address": "impilotainment@gmail.com",
            "trading_name": "Impilo Entertainment",
            "youth_owned": false,
            "black_ownership": true,
            "black_women_ownership": true,
            "youth_owned_text": "Over 35",
            "black_ownership_text": "Black Owned",
            "black_women_ownership_text": "BlackWomen",
            "compliance_notes": null,
            "has_valid_bbbbee": true,
            "has_tax_clearance": false,
            "is_sars_registered": false,
            "has_cipc_registration": true,
            "bbbee_valid_status": "Valid",
            "bbbee_expiry_date": "2026-03-06",
            "tax_valid_status": null,
            "tax_pin_expiry_date": null,
            "vat_number": null,
            "turnover_estimated": null,
            "turnover_actual": null,
            "permanent_employees": 0,
            "temporary_employees": 0,
            "locations": "Esikhawini",
            "created_at": "2025-09-19 06:27:14",
            "updated_at": "2025-09-19 06:27:14",
            "industry_id": null
        },
        {
            "id": 68,
            "sector_name": null,
            "contact_person": null,
            "name": "Jele Group t\/a Wynes Acessories",
            "registration_no": "2019\/428871\/07",
            "bbbee_level": null,
            "cipc_status": "23\/24\/25 Returns O\/S - Deregistration in progress",
            "service_offering": "Leather Manufacturing",
            "description": "#fy24",
            "city": "Esikhawini",
            "suburb": null,
            "address": null,
            "postal_code": null,
            "business_location": "Esikhawini",
            "contact_number": "0607480151\/ 067 206 6847",
            "email_address": "wynethemba4@gmail.com",
            "trading_name": "Jele Group t\/a Wynes Acessories",
            "youth_owned": true,
            "black_ownership": true,
            "black_women_ownership": false,
            "youth_owned_text": "Youth",
            "black_ownership_text": "Black Owned",
            "black_women_ownership_text": null,
            "compliance_notes": null,
            "has_valid_bbbbee": false,
            "has_tax_clearance": false,
            "is_sars_registered": false,
            "has_cipc_registration": true,
            "bbbee_valid_status": "Expired",
            "bbbee_expiry_date": "2024-07-14",
            "tax_valid_status": null,
            "tax_pin_expiry_date": null,
            "vat_number": null,
            "turnover_estimated": null,
            "turnover_actual": null,
            "permanent_employees": 0,
            "temporary_employees": 0,
            "locations": "Esikhawini",
            "created_at": "2025-09-19 06:27:14",
            "updated_at": "2025-09-19 06:27:14",
            "industry_id": null
        },
        {
            "id": 69,
            "sector_name": null,
            "contact_person": null,
            "name": "Kapito Arts (Pty) Ltd",
            "registration_no": "2023\/130250\/07",
            "bbbee_level": null,
            "cipc_status": "Up to date - In Business",
            "service_offering": "Art",
            "description": "#fy24",
            "city": "Esikhawini",
            "suburb": null,
            "address": null,
            "postal_code": null,
            "business_location": "Esikhawini",
            "contact_number": "076 512 4883",
            "email_address": "nhlakaniphokapitomdletshe@gmail.com",
            "trading_name": "Kapito Arts (Pty) Ltd",
            "youth_owned": true,
            "black_ownership": true,
            "black_women_ownership": false,
            "youth_owned_text": "Youth",
            "black_ownership_text": "Black Owned",
            "black_women_ownership_text": null,
            "compliance_notes": null,
            "has_valid_bbbbee": false,
            "has_tax_clearance": false,
            "is_sars_registered": false,
            "has_cipc_registration": true,
            "bbbee_valid_status": "Expired",
            "bbbee_expiry_date": "2024-10-02",
            "tax_valid_status": null,
            "tax_pin_expiry_date": null,
            "vat_number": null,
            "turnover_estimated": null,
            "turnover_actual": null,
            "permanent_employees": 0,
            "temporary_employees": 0,
            "locations": "Esikhawini",
            "created_at": "2025-09-19 06:27:14",
            "updated_at": "2025-09-19 06:27:14",
            "industry_id": null
        },
        {
            "id": 70,
            "sector_name": null,
            "contact_person": null,
            "name": "KU Greenhands",
            "registration_no": "2019\/424973\/07",
            "bbbee_level": null,
            "cipc_status": "2025 Returns O\/S - In Business",
            "service_offering": "Waste Management",
            "description": "#fy24",
            "city": "Alton",
            "suburb": null,
            "address": null,
            "postal_code": null,
            "business_location": "Alton",
            "contact_number": "069 263 2528",
            "email_address": "kugreenhands@gmail.com",
            "trading_name": "KU Greenhands",
            "youth_owned": true,
            "black_ownership": true,
            "black_women_ownership": true,
            "youth_owned_text": "Youth",
            "black_ownership_text": "Black Owned",
            "black_women_ownership_text": "BlackWomen",
            "compliance_notes": null,
            "has_valid_bbbbee": true,
            "has_tax_clearance": false,
            "is_sars_registered": false,
            "has_cipc_registration": true,
            "bbbee_valid_status": "Valid",
            "bbbee_expiry_date": "2026-01-22",
            "tax_valid_status": null,
            "tax_pin_expiry_date": null,
            "vat_number": null,
            "turnover_estimated": null,
            "turnover_actual": null,
            "permanent_employees": 0,
            "temporary_employees": 0,
            "locations": "Alton",
            "created_at": "2025-09-19 06:27:14",
            "updated_at": "2025-09-19 06:27:14",
            "industry_id": null
        },
        {
            "id": 71,
            "sector_name": null,
            "contact_person": null,
            "name": "KwaRichboy Trading",
            "registration_no": "2015\/413098\/07",
            "bbbee_level": null,
            "cipc_status": "Up to date - In Business",
            "service_offering": "Gas",
            "description": "#fy24",
            "city": "Esikhawini",
            "suburb": null,
            "address": null,
            "postal_code": null,
            "business_location": "Esikhawini",
            "contact_number": "0637627096 \/\u00a00783009053",
            "email_address": "fanelesiyaya2@gmail.com ",
            "trading_name": "KwaRichboy Trading",
            "youth_owned": true,
            "black_ownership": true,
            "black_women_ownership": false,
            "youth_owned_text": "Youth",
            "black_ownership_text": "Black Owned",
            "black_women_ownership_text": null,
            "compliance_notes": null,
            "has_valid_bbbbee": false,
            "has_tax_clearance": false,
            "is_sars_registered": false,
            "has_cipc_registration": true,
            "bbbee_valid_status": "Expired",
            "bbbee_expiry_date": "2025-02-27",
            "tax_valid_status": null,
            "tax_pin_expiry_date": null,
            "vat_number": null,
            "turnover_estimated": null,
            "turnover_actual": null,
            "permanent_employees": 0,
            "temporary_employees": 0,
            "locations": "Esikhawini",
            "created_at": "2025-09-19 06:27:14",
            "updated_at": "2025-09-19 06:27:14",
            "industry_id": null
        },
        {
            "id": 72,
            "sector_name": null,
            "contact_person": null,
            "name": "M2023 Projects (Pty) Ltd",
            "registration_no": "2023\/134685\/07",
            "bbbee_level": null,
            "cipc_status": "2024 Returns O\/S - In Business",
            "service_offering": "Car wash",
            "description": "#fy24",
            "city": "Empangeni",
            "suburb": null,
            "address": null,
            "postal_code": null,
            "business_location": "Empangeni",
            "contact_number": "078 030 0706",
            "email_address": "cybersengwayo447@gmail.com",
            "trading_name": "M2023 Projects (Pty) Ltd",
            "youth_owned": true,
            "black_ownership": true,
            "black_women_ownership": true,
            "youth_owned_text": "Youth",
            "black_ownership_text": "Black Owned",
            "black_women_ownership_text": "BlackWomen",
            "compliance_notes": null,
            "has_valid_bbbbee": false,
            "has_tax_clearance": false,
            "is_sars_registered": false,
            "has_cipc_registration": true,
            "bbbee_valid_status": "Expired",
            "bbbee_expiry_date": "2024-10-03",
            "tax_valid_status": null,
            "tax_pin_expiry_date": null,
            "vat_number": null,
            "turnover_estimated": null,
            "turnover_actual": null,
            "permanent_employees": 0,
            "temporary_employees": 0,
            "locations": "Empangeni",
            "created_at": "2025-09-19 06:27:14",
            "updated_at": "2025-09-19 06:27:14",
            "industry_id": null
        },
        {
            "id": 73,
            "sector_name": null,
            "contact_person": null,
            "name": "Mazikode Bakery ",
            "registration_no": "2023\/126859\/07",
            "bbbee_level": null,
            "cipc_status": "2024 Returns O\/S - In Business",
            "service_offering": "Baking",
            "description": "#fy24",
            "city": "Nkandla",
            "suburb": null,
            "address": null,
            "postal_code": null,
            "business_location": "Nkandla",
            "contact_number": "0818474624",
            "email_address": "zwanesusan89@gmail.com ",
            "trading_name": "Mazikode Bakery ",
            "youth_owned": false,
            "black_ownership": true,
            "black_women_ownership": true,
            "youth_owned_text": "Over 35",
            "black_ownership_text": "Black Owned",
            "black_women_ownership_text": "BlackWomen",
            "compliance_notes": null,
            "has_valid_bbbbee": false,
            "has_tax_clearance": false,
            "is_sars_registered": false,
            "has_cipc_registration": true,
            "bbbee_valid_status": "Expired",
            "bbbee_expiry_date": "2024-09-28",
            "tax_valid_status": null,
            "tax_pin_expiry_date": null,
            "vat_number": null,
            "turnover_estimated": null,
            "turnover_actual": null,
            "permanent_employees": 0,
            "temporary_employees": 0,
            "locations": "Nkandla",
            "created_at": "2025-09-19 06:27:14",
            "updated_at": "2025-09-19 06:27:14",
            "industry_id": null
        },
        {
            "id": 74,
            "sector_name": null,
            "contact_person": null,
            "name": "MDK Hair Salon",
            "registration_no": "2023\/127081\/07",
            "bbbee_level": null,
            "cipc_status": "2024 Returns O\/S - In Business",
            "service_offering": "Hair & Beauty",
            "description": "#fy24",
            "city": "Enseleni",
            "suburb": null,
            "address": null,
            "postal_code": null,
            "business_location": "Enseleni",
            "contact_number": "066 000 3823",
            "email_address": "sliemthembu066@gmail.com",
            "trading_name": "MDK Hair Salon",
            "youth_owned": true,
            "black_ownership": true,
            "black_women_ownership": true,
            "youth_owned_text": "Youth",
            "black_ownership_text": "Black Owned",
            "black_women_ownership_text": "BlackWomen",
            "compliance_notes": null,
            "has_valid_bbbbee": false,
            "has_tax_clearance": false,
            "is_sars_registered": false,
            "has_cipc_registration": true,
            "bbbee_valid_status": "Expired",
            "bbbee_expiry_date": "2024-09-28",
            "tax_valid_status": null,
            "tax_pin_expiry_date": null,
            "vat_number": null,
            "turnover_estimated": null,
            "turnover_actual": null,
            "permanent_employees": 0,
            "temporary_employees": 0,
            "locations": "Enseleni",
            "created_at": "2025-09-19 06:27:14",
            "updated_at": "2025-09-19 06:27:14",
            "industry_id": null
        },
        {
            "id": 75,
            "sector_name": null,
            "contact_person": null,
            "name": "Mhlengi Woodwork",
            "registration_no": "2023\/125764\/07",
            "bbbee_level": null,
            "cipc_status": "2024 Returns O\/S - In Business",
            "service_offering": "Manufacturing",
            "description": "#fy24",
            "city": "Empangeni",
            "suburb": null,
            "address": null,
            "postal_code": null,
            "business_location": "Empangeni",
            "contact_number": "062\u00a0596 3980",
            "email_address": "nompiloharmonite94@gmail.com",
            "trading_name": "Mhlengi Woodwork",
            "youth_owned": true,
            "black_ownership": true,
            "black_women_ownership": true,
            "youth_owned_text": "Youth",
            "black_ownership_text": "Black Owned",
            "black_women_ownership_text": "BlackWomen",
            "compliance_notes": null,
            "has_valid_bbbbee": false,
            "has_tax_clearance": false,
            "is_sars_registered": false,
            "has_cipc_registration": true,
            "bbbee_valid_status": "Expired",
            "bbbee_expiry_date": "2024-09-28",
            "tax_valid_status": null,
            "tax_pin_expiry_date": null,
            "vat_number": null,
            "turnover_estimated": null,
            "turnover_actual": null,
            "permanent_employees": 0,
            "temporary_employees": 0,
            "locations": "Empangeni",
            "created_at": "2025-09-19 06:27:14",
            "updated_at": "2025-09-19 06:27:14",
            "industry_id": null
        },
        {
            "id": 76,
            "sector_name": null,
            "contact_person": null,
            "name": "Mkhiloshi Consultants and projects",
            "registration_no": "2019\/247819\/07",
            "bbbee_level": null,
            "cipc_status": "Up to date - In Business",
            "service_offering": "Internet Cafe",
            "description": "#fy24",
            "city": "Esikhawini",
            "suburb": null,
            "address": null,
            "postal_code": null,
            "business_location": "Esikhawini",
            "contact_number": "0732975803\/681022067",
            "email_address": "mkhiloshiconsultants@gmail.com",
            "trading_name": "Mkhiloshi Consultants and projects",
            "youth_owned": false,
            "black_ownership": true,
            "black_women_ownership": false,
            "youth_owned_text": "Over 35",
            "black_ownership_text": "Black Owned",
            "black_women_ownership_text": null,
            "compliance_notes": null,
            "has_valid_bbbbee": true,
            "has_tax_clearance": false,
            "is_sars_registered": false,
            "has_cipc_registration": true,
            "bbbee_valid_status": "Valid",
            "bbbee_expiry_date": "2026-08-29",
            "tax_valid_status": null,
            "tax_pin_expiry_date": null,
            "vat_number": null,
            "turnover_estimated": null,
            "turnover_actual": null,
            "permanent_employees": 0,
            "temporary_employees": 0,
            "locations": "Esikhawini",
            "created_at": "2025-09-19 06:27:14",
            "updated_at": "2025-09-19 06:27:14",
            "industry_id": null
        },
        {
            "id": 77,
            "sector_name": null,
            "contact_person": null,
            "name": "Mo's Mobile Car Wash",
            "registration_no": "2023\/117388\/07",
            "bbbee_level": null,
            "cipc_status": "Up to date - In Business",
            "service_offering": "Car wash",
            "description": "#fy24",
            "city": "Ngwelezana",
            "suburb": null,
            "address": null,
            "postal_code": null,
            "business_location": "Ngwelezana",
            "contact_number": "067 875 3555",
            "email_address": "amozumar@gmail.com",
            "trading_name": "Mo's Mobile Car Wash",
            "youth_owned": false,
            "black_ownership": true,
            "black_women_ownership": false,
            "youth_owned_text": "Over 35",
            "black_ownership_text": "Black Owned",
            "black_women_ownership_text": null,
            "compliance_notes": null,
            "has_valid_bbbbee": false,
            "has_tax_clearance": false,
            "is_sars_registered": false,
            "has_cipc_registration": true,
            "bbbee_valid_status": "Expired",
            "bbbee_expiry_date": "2024-09-23",
            "tax_valid_status": null,
            "tax_pin_expiry_date": null,
            "vat_number": null,
            "turnover_estimated": null,
            "turnover_actual": null,
            "permanent_employees": 0,
            "temporary_employees": 0,
            "locations": "Ngwelezana",
            "created_at": "2025-09-19 06:27:14",
            "updated_at": "2025-09-19 06:27:14",
            "industry_id": null
        },
        {
            "id": 78,
            "sector_name": null,
            "contact_person": null,
            "name": "Ngesibindi Enterprise",
            "registration_no": "2020\/153716\/07",
            "bbbee_level": null,
            "cipc_status": "2025 Returns O\/S - In Business",
            "service_offering": "Food & Beverage",
            "description": "#fy24",
            "city": "Merensee",
            "suburb": null,
            "address": null,
            "postal_code": null,
            "business_location": "Merensee",
            "contact_number": "0761737592",
            "email_address": "andilemokoatlo@gmail.com",
            "trading_name": "Ngesibindi Enterprise",
            "youth_owned": false,
            "black_ownership": true,
            "black_women_ownership": true,
            "youth_owned_text": "Over 35",
            "black_ownership_text": "Black Owned",
            "black_women_ownership_text": "BlackWomen",
            "compliance_notes": null,
            "has_valid_bbbbee": false,
            "has_tax_clearance": false,
            "is_sars_registered": false,
            "has_cipc_registration": true,
            "bbbee_valid_status": "Expired",
            "bbbee_expiry_date": "2024-09-27",
            "tax_valid_status": null,
            "tax_pin_expiry_date": null,
            "vat_number": null,
            "turnover_estimated": null,
            "turnover_actual": null,
            "permanent_employees": 0,
            "temporary_employees": 0,
            "locations": "Merensee",
            "created_at": "2025-09-19 06:27:14",
            "updated_at": "2025-09-19 06:27:14",
            "industry_id": null
        },
        {
            "id": 79,
            "sector_name": null,
            "contact_person": null,
            "name": "Nomnisi the event  planner ",
            "registration_no": "2023\/872847\/07",
            "bbbee_level": null,
            "cipc_status": "2025 Returns O\/S - In Business",
            "service_offering": "Events",
            "description": "#fy24",
            "city": "Enseleni",
            "suburb": null,
            "address": null,
            "postal_code": null,
            "business_location": "Enseleni",
            "contact_number": "061 8842 855",
            "email_address": "nokwe.mthembu@icloud.com",
            "trading_name": "Nomnisi the event  planner ",
            "youth_owned": true,
            "black_ownership": true,
            "black_women_ownership": true,
            "youth_owned_text": "Youth",
            "black_ownership_text": "Black Owned",
            "black_women_ownership_text": "BlackWomen",
            "compliance_notes": null,
            "has_valid_bbbbee": false,
            "has_tax_clearance": false,
            "is_sars_registered": false,
            "has_cipc_registration": true,
            "bbbee_valid_status": "Expired",
            "bbbee_expiry_date": "2026-02-18",
            "tax_valid_status": null,
            "tax_pin_expiry_date": null,
            "vat_number": null,
            "turnover_estimated": null,
            "turnover_actual": null,
            "permanent_employees": 0,
            "temporary_employees": 0,
            "locations": "Enseleni",
            "created_at": "2025-09-19 06:27:14",
            "updated_at": "2025-09-19 06:27:14",
            "industry_id": null
        },
        {
            "id": 80,
            "sector_name": null,
            "contact_person": null,
            "name": "Nothani Carpentry Solutions (Pty) Ltd",
            "registration_no": "2023\/123776\/07",
            "bbbee_level": null,
            "cipc_status": "2024 Returns O\/S - In Business",
            "service_offering": "Manufacturing",
            "description": "#fy24",
            "city": "Ngwelezana",
            "suburb": null,
            "address": null,
            "postal_code": null,
            "business_location": "Ngwelezana",
            "contact_number": "081 3535 270",
            "email_address": "mthethwathubelihle1@gmail.com",
            "trading_name": "Nothani Carpentry Solutions (Pty) Ltd",
            "youth_owned": false,
            "black_ownership": true,
            "black_women_ownership": false,
            "youth_owned_text": "Over 35",
            "black_ownership_text": "Black Owned",
            "black_women_ownership_text": null,
            "compliance_notes": null,
            "has_valid_bbbbee": false,
            "has_tax_clearance": false,
            "is_sars_registered": false,
            "has_cipc_registration": true,
            "bbbee_valid_status": "Expired",
            "bbbee_expiry_date": "2024-09-27",
            "tax_valid_status": null,
            "tax_pin_expiry_date": null,
            "vat_number": null,
            "turnover_estimated": null,
            "turnover_actual": null,
            "permanent_employees": 0,
            "temporary_employees": 0,
            "locations": "Ngwelezana",
            "created_at": "2025-09-19 06:27:14",
            "updated_at": "2025-09-19 06:27:14",
            "industry_id": null
        },
        {
            "id": 81,
            "sector_name": null,
            "contact_person": null,
            "name": "Owecebo-Mpangazitha Enterprise",
            "registration_no": "2023\/842253\/07",
            "bbbee_level": null,
            "cipc_status": "No returns filed 24\/25 O\/S - In Business",
            "service_offering": "Internet Caf\u00e9",
            "description": "#fy24",
            "city": "Esikhawini",
            "suburb": null,
            "address": null,
            "postal_code": null,
            "business_location": "Esikhawini",
            "contact_number": "081 244 1377",
            "email_address": "junephakathi95@gmail.com",
            "trading_name": "Owecebo-Mpangazitha Enterprise",
            "youth_owned": true,
            "black_ownership": true,
            "black_women_ownership": true,
            "youth_owned_text": "Youth",
            "black_ownership_text": "Black Owned",
            "black_women_ownership_text": "BlackWomen",
            "compliance_notes": null,
            "has_valid_bbbbee": false,
            "has_tax_clearance": false,
            "is_sars_registered": false,
            "has_cipc_registration": true,
            "bbbee_valid_status": "Expired",
            "bbbee_expiry_date": "2024-06-27",
            "tax_valid_status": null,
            "tax_pin_expiry_date": null,
            "vat_number": null,
            "turnover_estimated": null,
            "turnover_actual": null,
            "permanent_employees": 0,
            "temporary_employees": 0,
            "locations": "Esikhawini",
            "created_at": "2025-09-19 06:27:14",
            "updated_at": "2025-09-19 06:27:14",
            "industry_id": null
        },
        {
            "id": 82,
            "sector_name": null,
            "contact_person": null,
            "name": "Papas Spice caf\u00e9",
            "registration_no": "2016\/052918\/07",
            "bbbee_level": null,
            "cipc_status": "2025 Returns O\/S - In Business",
            "service_offering": "Food & Beverage",
            "description": "#fy24",
            "city": "Empangeni",
            "suburb": null,
            "address": null,
            "postal_code": null,
            "business_location": "Empangeni",
            "contact_number": "0829590031",
            "email_address": "bhavanipather@gmail.com",
            "trading_name": "Papas Spice caf\u00e9",
            "youth_owned": false,
            "black_ownership": true,
            "black_women_ownership": false,
            "youth_owned_text": "Over 35",
            "black_ownership_text": "Black Owned",
            "black_women_ownership_text": null,
            "compliance_notes": null,
            "has_valid_bbbbee": false,
            "has_tax_clearance": false,
            "is_sars_registered": false,
            "has_cipc_registration": true,
            "bbbee_valid_status": "Expired",
            "bbbee_expiry_date": "2023-09-27",
            "tax_valid_status": null,
            "tax_pin_expiry_date": null,
            "vat_number": null,
            "turnover_estimated": null,
            "turnover_actual": null,
            "permanent_employees": 0,
            "temporary_employees": 0,
            "locations": "Empangeni",
            "created_at": "2025-09-19 06:27:14",
            "updated_at": "2025-09-19 06:27:14",
            "industry_id": null
        },
        {
            "id": 83,
            "sector_name": null,
            "contact_person": null,
            "name": "Phelokazi's Devine Eats (Pty) Ltd",
            "registration_no": "2023\/122096\/07",
            "bbbee_level": null,
            "cipc_status": "2024 Returns O\/S - In Business",
            "service_offering": "Food & Beverage",
            "description": "#fy24",
            "city": "Esikhawini",
            "suburb": null,
            "address": null,
            "postal_code": null,
            "business_location": "Esikhawini",
            "contact_number": "0723566534",
            "email_address": "phelokazigxumisa20@gmail.com",
            "trading_name": "Phelokazi's Devine Eats (Pty) Ltd",
            "youth_owned": true,
            "black_ownership": true,
            "black_women_ownership": true,
            "youth_owned_text": "Youth",
            "black_ownership_text": "Black Owned",
            "black_women_ownership_text": "BlackWomen",
            "compliance_notes": null,
            "has_valid_bbbbee": false,
            "has_tax_clearance": false,
            "is_sars_registered": false,
            "has_cipc_registration": true,
            "bbbee_valid_status": "Expired",
            "bbbee_expiry_date": "2024-09-26",
            "tax_valid_status": null,
            "tax_pin_expiry_date": null,
            "vat_number": null,
            "turnover_estimated": null,
            "turnover_actual": null,
            "permanent_employees": 0,
            "temporary_employees": 0,
            "locations": "Esikhawini",
            "created_at": "2025-09-19 06:27:14",
            "updated_at": "2025-09-19 06:27:14",
            "industry_id": null
        },
        {
            "id": 84,
            "sector_name": null,
            "contact_person": null,
            "name": "Phumelobala Catering and Fashion Designers",
            "registration_no": "2006\/066326\/23",
            "bbbee_level": null,
            "cipc_status": "2024\/2025 O\/S - In Business",
            "service_offering": "Food & Beverage",
            "description": "#fy24",
            "city": "Esikhawini",
            "suburb": null,
            "address": null,
            "postal_code": null,
            "business_location": "Esikhawini",
            "contact_number": "0725578176",
            "email_address": "lungilendunakazi4@gmail.com",
            "trading_name": "Phumelobala Catering and Fashion Designers",
            "youth_owned": false,
            "black_ownership": true,
            "black_women_ownership": true,
            "youth_owned_text": "Over 35",
            "black_ownership_text": "Black Owned",
            "black_women_ownership_text": "BlackWomen",
            "compliance_notes": null,
            "has_valid_bbbbee": false,
            "has_tax_clearance": false,
            "is_sars_registered": false,
            "has_cipc_registration": true,
            "bbbee_valid_status": "Expired",
            "bbbee_expiry_date": "2024-09-28",
            "tax_valid_status": null,
            "tax_pin_expiry_date": null,
            "vat_number": null,
            "turnover_estimated": null,
            "turnover_actual": null,
            "permanent_employees": 0,
            "temporary_employees": 0,
            "locations": "Esikhawini",
            "created_at": "2025-09-19 06:27:14",
            "updated_at": "2025-09-19 06:27:14",
            "industry_id": null
        },
        {
            "id": 85,
            "sector_name": null,
            "contact_person": null,
            "name": "Phumusuthi Restaurant (Pty) Ltd",
            "registration_no": "2023\/129157\/07",
            "bbbee_level": null,
            "cipc_status": "2024 Returns O\/S - In Business",
            "service_offering": "Food",
            "description": "#fy24",
            "city": "Mzingazi",
            "suburb": null,
            "address": null,
            "postal_code": null,
            "business_location": "Mzingazi",
            "contact_number": null,
            "email_address": "nokuphilagen@gmail.com",
            "trading_name": "Phumusuthi Restaurant (Pty) Ltd",
            "youth_owned": true,
            "black_ownership": true,
            "black_women_ownership": true,
            "youth_owned_text": "Youth",
            "black_ownership_text": "Black Owned",
            "black_women_ownership_text": "BlackWomen",
            "compliance_notes": null,
            "has_valid_bbbbee": false,
            "has_tax_clearance": false,
            "is_sars_registered": false,
            "has_cipc_registration": true,
            "bbbee_valid_status": "Expired",
            "bbbee_expiry_date": "2024-10-01",
            "tax_valid_status": null,
            "tax_pin_expiry_date": null,
            "vat_number": null,
            "turnover_estimated": null,
            "turnover_actual": null,
            "permanent_employees": 0,
            "temporary_employees": 0,
            "locations": "Mzingazi",
            "created_at": "2025-09-19 06:27:14",
            "updated_at": "2025-09-19 06:27:14",
            "industry_id": null
        },
        {
            "id": 86,
            "sector_name": null,
            "contact_person": null,
            "name": "Queen Oyster (Pty) Ltd",
            "registration_no": "2023\/126060\/07",
            "bbbee_level": null,
            "cipc_status": "Up to date - In Business",
            "service_offering": "Mushroom farmer",
            "description": "#fy24",
            "city": "Empangeni",
            "suburb": null,
            "address": null,
            "postal_code": null,
            "business_location": "Empangeni",
            "contact_number": "0729114008",
            "email_address": "ntombizonke.shandy@gmail.com",
            "trading_name": "Queen Oyster (Pty) Ltd",
            "youth_owned": false,
            "black_ownership": true,
            "black_women_ownership": true,
            "youth_owned_text": "Over 35",
            "black_ownership_text": "Black Owned",
            "black_women_ownership_text": "BlackWomen",
            "compliance_notes": null,
            "has_valid_bbbbee": false,
            "has_tax_clearance": false,
            "is_sars_registered": false,
            "has_cipc_registration": true,
            "bbbee_valid_status": "Expired",
            "bbbee_expiry_date": "2024-10-19",
            "tax_valid_status": null,
            "tax_pin_expiry_date": null,
            "vat_number": null,
            "turnover_estimated": null,
            "turnover_actual": null,
            "permanent_employees": 0,
            "temporary_employees": 0,
            "locations": "Empangeni",
            "created_at": "2025-09-19 06:27:14",
            "updated_at": "2025-09-19 06:27:14",
            "industry_id": null
        },
        {
            "id": 87,
            "sector_name": null,
            "contact_person": null,
            "name": "Rodco Engineering & Contruction",
            "registration_no": "2015\/128540\/07",
            "bbbee_level": null,
            "cipc_status": "2024\/2025 O\/S - In Business",
            "service_offering": "Engineering",
            "description": "#fy24",
            "city": "Arboretum",
            "suburb": null,
            "address": null,
            "postal_code": null,
            "business_location": "Arboretum",
            "contact_number": "0718076435",
            "email_address": "rodcoeng@outlook.com",
            "trading_name": "Rodco Engineering & Contruction",
            "youth_owned": false,
            "black_ownership": true,
            "black_women_ownership": true,
            "youth_owned_text": "Over 35",
            "black_ownership_text": "Black Owned",
            "black_women_ownership_text": "BlackWomen",
            "compliance_notes": null,
            "has_valid_bbbbee": false,
            "has_tax_clearance": false,
            "is_sars_registered": false,
            "has_cipc_registration": true,
            "bbbee_valid_status": "Expired",
            "bbbee_expiry_date": "2024-02-16",
            "tax_valid_status": null,
            "tax_pin_expiry_date": null,
            "vat_number": null,
            "turnover_estimated": null,
            "turnover_actual": null,
            "permanent_employees": 0,
            "temporary_employees": 0,
            "locations": "Arboretum",
            "created_at": "2025-09-19 06:27:14",
            "updated_at": "2025-09-19 06:27:14",
            "industry_id": null
        },
        {
            "id": 88,
            "sector_name": null,
            "contact_person": null,
            "name": "Saito",
            "registration_no": "2016\/007643\/07",
            "bbbee_level": null,
            "cipc_status": "Up to date - In Business",
            "service_offering": "Appliance Rental",
            "description": "#fy24",
            "city": "Kwa Dlangezwa",
            "suburb": null,
            "address": null,
            "postal_code": null,
            "business_location": "Kwa Dlangezwa",
            "contact_number": "0732256522",
            "email_address": "saitoappliances@gmail.com",
            "trading_name": "Saito",
            "youth_owned": true,
            "black_ownership": true,
            "black_women_ownership": false,
            "youth_owned_text": "Youth",
            "black_ownership_text": "Black Owned",
            "black_women_ownership_text": null,
            "compliance_notes": null,
            "has_valid_bbbbee": true,
            "has_tax_clearance": false,
            "is_sars_registered": false,
            "has_cipc_registration": true,
            "bbbee_valid_status": "Valid",
            "bbbee_expiry_date": "2026-08-21",
            "tax_valid_status": null,
            "tax_pin_expiry_date": null,
            "vat_number": null,
            "turnover_estimated": null,
            "turnover_actual": null,
            "permanent_employees": 0,
            "temporary_employees": 0,
            "locations": "Kwa Dlangezwa",
            "created_at": "2025-09-19 06:27:14",
            "updated_at": "2025-09-19 06:27:14",
            "industry_id": null
        },
        {
            "id": 89,
            "sector_name": null,
            "contact_person": null,
            "name": "Sakhumuzi Hand Craft Art ",
            "registration_no": "2023\/811522\/07",
            "bbbee_level": null,
            "cipc_status": "24\/25 O\/S - Deregistration in progress",
            "service_offering": "Manufacturing",
            "description": "#fy24",
            "city": "Enseleni",
            "suburb": null,
            "address": null,
            "postal_code": null,
            "business_location": "Enseleni",
            "contact_number": "0712665298",
            "email_address": "sakhumuzizungu678@gmail.com",
            "trading_name": "Sakhumuzi Hand Craft Art ",
            "youth_owned": false,
            "black_ownership": true,
            "black_women_ownership": false,
            "youth_owned_text": "Over 35",
            "black_ownership_text": "Black Owned",
            "black_women_ownership_text": null,
            "compliance_notes": null,
            "has_valid_bbbbee": false,
            "has_tax_clearance": false,
            "is_sars_registered": false,
            "has_cipc_registration": true,
            "bbbee_valid_status": "Expired",
            "bbbee_expiry_date": "2024-06-12",
            "tax_valid_status": null,
            "tax_pin_expiry_date": null,
            "vat_number": null,
            "turnover_estimated": null,
            "turnover_actual": null,
            "permanent_employees": 0,
            "temporary_employees": 0,
            "locations": "Enseleni",
            "created_at": "2025-09-19 06:27:14",
            "updated_at": "2025-09-19 06:27:14",
            "industry_id": null
        },
        {
            "id": 90,
            "sector_name": null,
            "contact_person": null,
            "name": "SHE Inter Caf\u00e9 (Pty) Ltd",
            "registration_no": "2023\/129679\/07",
            "bbbee_level": null,
            "cipc_status": "2024 Returns O\/S - In Business",
            "service_offering": "Internet Caf\u00e9",
            "description": "#fy24",
            "city": "Enseleni",
            "suburb": null,
            "address": null,
            "postal_code": null,
            "business_location": "Enseleni",
            "contact_number": "072-525-6303",
            "email_address": "ernestandvusiinternetcafe@gmail.com",
            "trading_name": "SHE Inter Caf\u00e9 (Pty) Ltd",
            "youth_owned": false,
            "black_ownership": true,
            "black_women_ownership": false,
            "youth_owned_text": "Over 35",
            "black_ownership_text": "Black Owned",
            "black_women_ownership_text": null,
            "compliance_notes": null,
            "has_valid_bbbbee": false,
            "has_tax_clearance": false,
            "is_sars_registered": false,
            "has_cipc_registration": true,
            "bbbee_valid_status": "Expired",
            "bbbee_expiry_date": "2024-10-02",
            "tax_valid_status": null,
            "tax_pin_expiry_date": null,
            "vat_number": null,
            "turnover_estimated": null,
            "turnover_actual": null,
            "permanent_employees": 0,
            "temporary_employees": 0,
            "locations": "Enseleni",
            "created_at": "2025-09-19 06:27:14",
            "updated_at": "2025-09-19 06:27:14",
            "industry_id": null
        },
        {
            "id": 91,
            "sector_name": null,
            "contact_person": null,
            "name": "Sifezekile Shiya (PTY) Ltd",
            "registration_no": "2023\/804600\/07",
            "bbbee_level": null,
            "cipc_status": "2024\/2025 O\/S - In Business",
            "service_offering": "Baking",
            "description": "#fy24",
            "city": "Felixton",
            "suburb": null,
            "address": null,
            "postal_code": null,
            "business_location": "Felixton",
            "contact_number": "0767653139",
            "email_address": "lindelwendlazi@gmail.com",
            "trading_name": "Sifezekile Shiya (PTY) Ltd",
            "youth_owned": true,
            "black_ownership": true,
            "black_women_ownership": true,
            "youth_owned_text": "Youth",
            "black_ownership_text": "Black Owned",
            "black_women_ownership_text": "BlackWomen",
            "compliance_notes": null,
            "has_valid_bbbbee": false,
            "has_tax_clearance": false,
            "is_sars_registered": false,
            "has_cipc_registration": true,
            "bbbee_valid_status": "Expired",
            "bbbee_expiry_date": "2024-10-23",
            "tax_valid_status": null,
            "tax_pin_expiry_date": null,
            "vat_number": null,
            "turnover_estimated": null,
            "turnover_actual": null,
            "permanent_employees": 0,
            "temporary_employees": 0,
            "locations": "Felixton",
            "created_at": "2025-09-19 06:27:14",
            "updated_at": "2025-09-19 06:27:14",
            "industry_id": null
        },
        {
            "id": 92,
            "sector_name": null,
            "contact_person": null,
            "name": "Sydney Mabaso Arts (Pty) Ltd",
            "registration_no": "2023\/124978\/07",
            "bbbee_level": null,
            "cipc_status": "2024\/2025 O\/S - In Business",
            "service_offering": "Art",
            "description": "#fy24",
            "city": "Esikhawini",
            "suburb": null,
            "address": null,
            "postal_code": null,
            "business_location": "Esikhawini",
            "contact_number": "083 580 9803\/ 083 691 3270",
            "email_address": "thulanisydney932@gmail.com",
            "trading_name": "Sydney Mabaso Arts (Pty) Ltd",
            "youth_owned": false,
            "black_ownership": true,
            "black_women_ownership": false,
            "youth_owned_text": "Over 35",
            "black_ownership_text": "Black Owned",
            "black_women_ownership_text": null,
            "compliance_notes": null,
            "has_valid_bbbbee": false,
            "has_tax_clearance": false,
            "is_sars_registered": false,
            "has_cipc_registration": true,
            "bbbee_valid_status": "Expired",
            "bbbee_expiry_date": "2024-09-27",
            "tax_valid_status": null,
            "tax_pin_expiry_date": null,
            "vat_number": null,
            "turnover_estimated": null,
            "turnover_actual": null,
            "permanent_employees": 0,
            "temporary_employees": 0,
            "locations": "Esikhawini",
            "created_at": "2025-09-19 06:27:14",
            "updated_at": "2025-09-19 06:27:14",
            "industry_id": null
        },
        {
            "id": 93,
            "sector_name": null,
            "contact_person": null,
            "name": "Treacly Treats",
            "registration_no": "2023\/132428\/07",
            "bbbee_level": null,
            "cipc_status": "2024\/2025 O\/S - In Business",
            "service_offering": "Baking",
            "description": "#fy24",
            "city": "Empangeni",
            "suburb": null,
            "address": null,
            "postal_code": null,
            "business_location": "Empangeni",
            "contact_number": "0815953644",
            "email_address": "phiwortile@icloud.com",
            "trading_name": "Treacly Treats",
            "youth_owned": true,
            "black_ownership": true,
            "black_women_ownership": true,
            "youth_owned_text": "Youth",
            "black_ownership_text": "Black Owned",
            "black_women_ownership_text": "BlackWomen",
            "compliance_notes": null,
            "has_valid_bbbbee": false,
            "has_tax_clearance": false,
            "is_sars_registered": false,
            "has_cipc_registration": true,
            "bbbee_valid_status": "Expired",
            "bbbee_expiry_date": "2024-10-02",
            "tax_valid_status": null,
            "tax_pin_expiry_date": null,
            "vat_number": null,
            "turnover_estimated": null,
            "turnover_actual": null,
            "permanent_employees": 0,
            "temporary_employees": 0,
            "locations": "Empangeni",
            "created_at": "2025-09-19 06:27:14",
            "updated_at": "2025-09-19 06:27:14",
            "industry_id": null
        },
        {
            "id": 94,
            "sector_name": null,
            "contact_person": null,
            "name": "Under African Skies",
            "registration_no": "2007\/141891\/23",
            "bbbee_level": null,
            "cipc_status": "Up to date - In Business",
            "service_offering": "Tourism",
            "description": "#fy24",
            "city": "Richards Bay",
            "suburb": null,
            "address": null,
            "postal_code": null,
            "business_location": "Richards Bay",
            "contact_number": "0761496051",
            "email_address": "info@underafricanskies.africa",
            "trading_name": "Under African Skies",
            "youth_owned": false,
            "black_ownership": true,
            "black_women_ownership": true,
            "youth_owned_text": "Over 35",
            "black_ownership_text": "Black Owned",
            "black_women_ownership_text": "BlackWomen",
            "compliance_notes": null,
            "has_valid_bbbbee": false,
            "has_tax_clearance": false,
            "is_sars_registered": false,
            "has_cipc_registration": true,
            "bbbee_valid_status": "Expired",
            "bbbee_expiry_date": "2024-04-23",
            "tax_valid_status": null,
            "tax_pin_expiry_date": null,
            "vat_number": null,
            "turnover_estimated": null,
            "turnover_actual": null,
            "permanent_employees": 0,
            "temporary_employees": 0,
            "locations": "Richards Bay",
            "created_at": "2025-09-19 06:27:14",
            "updated_at": "2025-09-19 06:27:14",
            "industry_id": null
        },
        {
            "id": 95,
            "sector_name": null,
            "contact_person": null,
            "name": "V3 Auto",
            "registration_no": "2021\/139799\/07",
            "bbbee_level": null,
            "cipc_status": "Up to date - In Business",
            "service_offering": "Automotive",
            "description": "#fy24",
            "city": "Aquadene",
            "suburb": null,
            "address": null,
            "postal_code": null,
            "business_location": "Aquadene",
            "contact_number": "076 945 0867",
            "email_address": "v3auto.info@gmail.com",
            "trading_name": "V3 Auto",
            "youth_owned": true,
            "black_ownership": true,
            "black_women_ownership": false,
            "youth_owned_text": "Youth",
            "black_ownership_text": "Black Owned",
            "black_women_ownership_text": null,
            "compliance_notes": null,
            "has_valid_bbbbee": false,
            "has_tax_clearance": false,
            "is_sars_registered": false,
            "has_cipc_registration": true,
            "bbbee_valid_status": "Expired",
            "bbbee_expiry_date": "2025-07-16",
            "tax_valid_status": null,
            "tax_pin_expiry_date": null,
            "vat_number": null,
            "turnover_estimated": null,
            "turnover_actual": null,
            "permanent_employees": 0,
            "temporary_employees": 0,
            "locations": "Aquadene",
            "created_at": "2025-09-19 06:27:14",
            "updated_at": "2025-09-19 06:27:14",
            "industry_id": null
        },
        {
            "id": 96,
            "sector_name": null,
            "contact_person": null,
            "name": "Zano Magic Hands",
            "registration_no": "2023\/831307\/07",
            "bbbee_level": null,
            "cipc_status": "2024\/2025 O\/S - In Business",
            "service_offering": "Hair & Beauty",
            "description": "#fy24",
            "city": "Esikhawini",
            "suburb": null,
            "address": null,
            "postal_code": null,
            "business_location": "Esikhawini",
            "contact_number": "076 559 9540",
            "email_address": "gzanokuhlehlengiwe@gmail.com",
            "trading_name": "Zano Magic Hands",
            "youth_owned": false,
            "black_ownership": true,
            "black_women_ownership": true,
            "youth_owned_text": "Over 35",
            "black_ownership_text": "Black Owned",
            "black_women_ownership_text": "BlackWomen",
            "compliance_notes": null,
            "has_valid_bbbbee": false,
            "has_tax_clearance": false,
            "is_sars_registered": false,
            "has_cipc_registration": true,
            "bbbee_valid_status": "Expired",
            "bbbee_expiry_date": "2022-06-22",
            "tax_valid_status": null,
            "tax_pin_expiry_date": null,
            "vat_number": null,
            "turnover_estimated": null,
            "turnover_actual": null,
            "permanent_employees": 0,
            "temporary_employees": 0,
            "locations": "Esikhawini",
            "created_at": "2025-09-19 06:27:14",
            "updated_at": "2025-09-19 06:27:14",
            "industry_id": null
        },
        {
            "id": 97,
            "sector_name": null,
            "contact_person": null,
            "name": "Zanokuhle Trading and General Service",
            "registration_no": "2022\/752286\/07",
            "bbbee_level": null,
            "cipc_status": "Up to date - In Business",
            "service_offering": "Food & Beverage",
            "description": "#fy24",
            "city": "Enseleni",
            "suburb": null,
            "address": null,
            "postal_code": null,
            "business_location": "Enseleni",
            "contact_number": "0783628777",
            "email_address": "sqinisekomyeza@yahoo.com\/ thandekafakude959@gmail.com",
            "trading_name": "Zanokuhle Trading and General Service",
            "youth_owned": true,
            "black_ownership": true,
            "black_women_ownership": false,
            "youth_owned_text": "Youth",
            "black_ownership_text": "Black Owned",
            "black_women_ownership_text": null,
            "compliance_notes": null,
            "has_valid_bbbbee": false,
            "has_tax_clearance": false,
            "is_sars_registered": false,
            "has_cipc_registration": true,
            "bbbee_valid_status": "Expired",
            "bbbee_expiry_date": "2024-05-14",
            "tax_valid_status": null,
            "tax_pin_expiry_date": null,
            "vat_number": null,
            "turnover_estimated": null,
            "turnover_actual": null,
            "permanent_employees": 0,
            "temporary_employees": 0,
            "locations": "Enseleni",
            "created_at": "2025-09-19 06:27:14",
            "updated_at": "2025-09-19 06:27:14",
            "industry_id": null
        }
    ],
    "updated": [
        {
            "id": 77,
            "sector_name": null,
            "contact_person": null,
            "name": "NG Xulu T\/A Zandu Events",
            "registration_no": "2023\/117388\/07",
            "bbbee_level": null,
            "cipc_status": "Up to date - In Business",
            "service_offering": "Events",
            "description": "#fy24",
            "city": "Enseleni",
            "suburb": null,
            "address": null,
            "postal_code": null,
            "business_location": "Enseleni",
            "contact_number": "0818806590",
            "email_address": "singayex@gmail.com",
            "trading_name": "NG Xulu T\/A Zandu Events",
            "youth_owned": true,
            "black_ownership": true,
            "black_women_ownership": true,
            "youth_owned_text": "Youth",
            "black_ownership_text": "Black Owned",
            "black_women_ownership_text": "BlackWomen",
            "compliance_notes": null,
            "has_valid_bbbbee": false,
            "has_tax_clearance": false,
            "is_sars_registered": false,
            "has_cipc_registration": true,
            "bbbee_valid_status": "Expired",
            "bbbee_expiry_date": "2024-09-23",
            "tax_valid_status": null,
            "tax_pin_expiry_date": null,
            "vat_number": null,
            "turnover_estimated": null,
            "turnover_actual": null,
            "permanent_employees": 0,
            "temporary_employees": 0,
            "locations": "Enseleni",
            "created_at": "2025-09-19 06:27:14",
            "updated_at": "2025-09-19 06:27:14",
            "industry_id": null
        }
    ],
    "skipped": 0,
    "errors": []
}
