[
  {
    "Company Name": "Agrimika Holdings",
    "Trading Name": "Nil",
    "Company Registration No.": "2023/746304/07",
    "Director ID Number": "8902081152083",
    "Contact Number": "0780937592",
    "Email Address": "smangelevictoria89@gmail.com",
    "Contact Person": "Smangele Shandu",
    "Tax pin Expirey Date": "11 March 2026",
    "Valid Status": "Valid",
    "BBBEE Expirey Date": "11 March 2026",
    "Valid Status2": "Valid",
    "Black ownership": "Yes",
    "Black Women ownership": "Yes",
    "Youth": "No",
    "Current size (EME?QSE)": "EME",
    " Company Turn-over ": " R281,826.00 ",
    "Business Location": "Aquadene",
    "Business Sector": "Construction",
    "Service offering or Goods": "Building Services",
    "CIPC Status": "IN BUSINESS"
  },
  {
    "Company Name": "Alondekuhle",
    "Trading Name": "Nil",
    "Company Registration No.": "2019/102060/07",
    "Director ID Number": "9305171251089",
    "Contact Number": "0734449396",
    "Email Address": "Siphelele Ngema <siphelelengema400@gmail.com>",
    "Contact Person": "Siphelele Ngema",
    "Tax pin Expirey Date": "28 February 2026",
    "Valid Status": "Valid",
    "BBBEE Expirey Date": "18 March 2025",
    "Valid Status2": "Expired",
    "Black ownership": "Yes",
    "Black Women ownership": "Yes",
    "Youth": "Yes",
    "Current size (EME?QSE)": "EME",
    " Company Turn-over ": " R146,086.00 ",
    "Business Location": "Nseleni",
    "Business Sector": "Cleaning",
    "Service offering or Goods": "Cleaning Services",
    "CIPC Status": "IN BUSINESS"
  },
  {
    "Company Name": "Amatshana Holdings",
    "Trading Name": "Lasizwe Enterprise",
    "Company Registration No.": "2017/436963/07",
    "Director ID Number": "8104185632082",
    "Contact Number": "072 116 5736 / 061 575 7152",
    "Email Address": "sizwelusizo1@gmail.com",
    "Contact Person": "Lusizo Sithole",
    "Tax pin Expirey Date": "09 March 2026",
    "Valid Status": "Valid",
    "BBBEE Expirey Date": "23 January 2025",
    "Valid Status2": "Expired",
    "Black ownership": "Yes",
    "Black Women ownership": "No",
    "Youth": "No",
    "Current size (EME?QSE)": "EME",
    " Company Turn-over ": " R253,623.00 ",
    "Business Location": "eSikhawini",
    "Business Sector": "Food",
    "Service offering or Goods": "Fast Food",
    "CIPC Status": "AR DEREGISTRATION "
  },
  {
    "Company Name": "Asakhe Hardware",
    "Trading Name": "Nil",
    "Company Registration No.": "2016/272236/07",
    "Director ID Number": "7808305356080",
    "Contact Number": "0614413419",
    "Email Address": "sithunywa@asakhehardware.co.za",
    "Contact Person": "Sithunywa Manele",
    "Tax pin Expirey Date": "03 December 2025",
    "Valid Status": "Valid",
    "BBBEE Expirey Date": "10 November 2025",
    "Valid Status2": "Valid",
    "Black ownership": "Yes",
    "Black Women ownership": "No",
    "Youth": "No",
    "Current size (EME?QSE)": "EME",
    " Company Turn-over ": " R396,171.00 ",
    "Business Location": "eSikhawini",
    "Business Sector": "Retail",
    "Service offering or Goods": "Hardware",
    "CIPC Status": "IN BUSINESS"
  },
  {
    "Company Name": "Bafisha",
    "Trading Name": "Nil",
    "Company Registration No.": "2021/689534/07",
    "Director ID Number": "9611275228083",
    "Contact Number": "065 941 9322 ",
    "Email Address": "BafishaGroup <bafishagroup@gmail.com>",
    "Contact Person": "Simiso Nxumalo",
    "Tax pin Expirey Date": "15 August 2025",
    "Valid Status": "Expired",
    "BBBEE Expirey Date": "13 August 2025",
    "Valid Status2": "Expired",
    "Black ownership": "Yes",
    "Black Women ownership": "No",
    "Youth": "Yes",
    "Current size (EME?QSE)": "EME",
    " Company Turn-over ": " R-   ",
    "Business Location": "Kwadlangezwa",
    "Business Sector": "Cleaning",
    "Service offering or Goods": "Cleaning Services",
    "CIPC Status": "IN BUSINESS"
  },
  {
    "Company Name": "Bayanolwa ",
    "Trading Name": "Nil",
    "Company Registration No.": "2021/011803/07",
    "Director ID Number": "8510031350085",
    "Contact Number": "0730913513",
    "Email Address": " rebeccakhambule79@gmail.com",
    "Contact Person": "Rebecca Khambule",
    "Tax pin Expirey Date": "17 January 2026",
    "Valid Status": "Valid",
    "BBBEE Expirey Date": "11 March 2026",
    "Valid Status2": "Valid",
    "Black ownership": "Yes",
    "Black Women ownership": "Yes",
    "Youth": "No",
    "Current size (EME?QSE)": "EME",
    " Company Turn-over ": " R73,485.00 ",
    "Business Location": "eSikhawini",
    "Business Sector": "Beauty",
    "Service offering or Goods": "Hair Salon",
    "CIPC Status": "IN BUSINESS"
  },
  {
    "Company Name": "Bourwa Project and Consulting",
    "Trading Name": "Nil",
    "Company Registration No.": "2018/619193/07",
    "Director ID Number": "9411025986084",
    "Contact Number": "0603400929/ 0645223037",
    "Email Address": "Bourwa Project <mpendulorespect@gmail.com>",
    "Contact Person": "Thubelihle Ndlela",
    "Tax pin Expirey Date": "13 February 2026",
    "Valid Status": "Valid",
    "BBBEE Expirey Date": "02 September 2025",
    "Valid Status2": "Valid",
    "Black ownership": "Yes",
    "Black Women ownership": "No",
    "Youth": "Yes",
    "Current size (EME?QSE)": "EME",
    " Company Turn-over ": " R250,977.00 ",
    "Business Location": "eSikhawini",
    "Business Sector": "Engineering ",
    "Service offering or Goods": "Borehole installation",
    "CIPC Status": "IN BUSINESS"
  },
  {
    "Company Name": "Chaliluque Services ",
    "Trading Name": "Nil",
    "Company Registration No.": "2020/075428/07",
    "Director ID Number": "9306185698083",
    "Contact Number": "0835183009",
    "Email Address": "siyabongachaliluque@gmail.com",
    "Contact Person": "Siyabonga Chaliluque",
    "Tax pin Expirey Date": "27 February 2026",
    "Valid Status": "Valid",
    "BBBEE Expirey Date": "30 October 2025",
    "Valid Status2": "Valid",
    "Black ownership": "Yes",
    "Black Women ownership": "No",
    "Youth": "Yes",
    "Current size (EME?QSE)": "EME",
    " Company Turn-over ": " R71,774.00 ",
    "Business Location": "Kwambonambi",
    "Business Sector": "Maintenance",
    "Service offering or Goods": "Multiple services",
    "CIPC Status": "IN BUSINESS"
  },
  {
    "Company Name": "Chule Enterprise and Logistics",
    "Trading Name": "Nil",
    "Company Registration No.": "2019/487002/07",
    "Director ID Number": "9802225148089",
    "Contact Number": "0735508687",
    "Email Address": "Chuleel@outlook.com",
    "Contact Person": "Ntando Gwala",
    "Tax pin Expirey Date": "28 August 2025",
    "Valid Status": "Valid",
    "BBBEE Expirey Date": "29 October 2025",
    "Valid Status2": "Valid",
    "Black ownership": "Yes",
    "Black Women ownership": "No",
    "Youth": "Yes",
    "Current size (EME?QSE)": "EME",
    " Company Turn-over ": " R363,445.00 ",
    "Business Location": "Nseleni",
    "Business Sector": "Logistics",
    "Service offering or Goods": "Trucking",
    "CIPC Status": "IN BUSINESS"
  },
  {
    "Company Name": "Dlakadla Holdings ",
    "Trading Name": "Agnel Capital / Agnel Consulting",
    "Company Registration No.": "2014/155924/07",
    "Director ID Number": "8602215664082",
    "Contact Number": "0684305527",
    "Email Address": "sfisopro@yahoo.com",
    "Contact Person": "Sifiso Mngomezulu",
    "Tax pin Expirey Date": "12 November 2025",
    "Valid Status": "Valid",
    "BBBEE Expirey Date": "03 October 2025",
    "Valid Status2": "Valid",
    "Black ownership": "Yes",
    "Black Women ownership": "No",
    "Youth": "No ",
    "Current size (EME?QSE)": "EME",
    " Company Turn-over ": " R146,395.00 ",
    "Business Location": "Richards Bay",
    "Business Sector": "Retail",
    "Service offering or Goods": "POS sales",
    "CIPC Status": "IN BUSINESS"
  },
  {
    "Company Name": "Dongelihle Enterprises ",
    "Trading Name": "Nil",
    "Company Registration No.": "2024/075054/07",
    "Director ID Number": "7107010430086",
    "Contact Number": "0833534171",
    "Email Address": "Fezile Shabba <fezimshengu@gmail.com>",
    "Contact Person": "Samukelisiwe Shabalala",
    "Tax pin Expirey Date": "10 March 2026",
    "Valid Status": "Valid",
    "BBBEE Expirey Date": "02 September 2025",
    "Valid Status2": "Valid",
    "Black ownership": "Yes",
    "Black Women ownership": "Yes",
    "Youth": "No",
    "Current size (EME?QSE)": "EME",
    " Company Turn-over ": " R75,838.00 ",
    "Business Location": "Eshowe",
    "Business Sector": "Clothing & Textile",
    "Service offering or Goods": "Seamtress",
    "CIPC Status": "IN BUSINESS"
  },
  {
    "Company Name": "Fefe Willy Beauty",
    "Trading Name": "Nil",
    "Company Registration No.": "2024/457350/07",
    "Director ID Number": "9411260806088",
    "Contact Number": "0784851911",
    "Email Address": "nomfundo266@icloud.com",
    "Contact Person": "Nomfundo Buthelezi",
    "Tax pin Expirey Date": "21 January 2026",
    "Valid Status": "Valid",
    "BBBEE Expirey Date": "23 July 2025",
    "Valid Status2": "Expired",
    "Black ownership": "Yes",
    "Black Women ownership": "Yes",
    "Youth": "Yes",
    "Current size (EME?QSE)": "EME",
    " Company Turn-over ": " R475,200.00 ",
    "Business Location": "Richards Bay",
    "Business Sector": "Beauty",
    "Service offering or Goods": "Nail Bar",
    "CIPC Status": "IN BUSINESS"
  },
  {
    "Company Name": "FNS Visuals",
    "Trading Name": "Nil",
    "Company Registration No.": "2024/361079/07",
    "Director ID Number": "920407502167",
    "Contact Number": "0723753870",
    "Email Address": "Mnqobi Fanas <mnqobifa@gmail.com>",
    "Contact Person": "Mnqobi Ngobese",
    "Tax pin Expirey Date": "11 March 2026",
    "Valid Status": "Valid",
    "BBBEE Expirey Date": "09 March 2026",
    "Valid Status2": "Valid",
    "Black ownership": "Yes",
    "Black Women ownership": "No",
    "Youth": "Yes",
    "Current size (EME?QSE)": "EME",
    " Company Turn-over ": " R92,384.00 ",
    "Business Location": "Aquadene",
    "Business Sector": "Media",
    "Service offering or Goods": "Photography",
    "CIPC Status": "IN BUSINESS"
  },
  {
    "Company Name": "Ikhonabox Lifestyle",
    "Trading Name": "Nil",
    "Company Registration No.": "2017/530842/07",
    "Director ID Number": "7510120312088",
    "Contact Number": "0672855115 / 0688158228 ",
    "Email Address": "ikhonaboxlifestyle@gmail.com",
    "Contact Person": "Mildred Dlamini",
    "Tax pin Expirey Date": "27 February 2026",
    "Valid Status": "Valid",
    "BBBEE Expirey Date": "21 August 2025",
    "Valid Status2": "Expiring Today",
    "Black ownership": "Yes",
    "Black Women ownership": "Yes",
    "Youth": "No",
    "Current size (EME?QSE)": "EME",
    " Company Turn-over ": " R90,119.00 ",
    "Business Location": "Ngwelezane",
    "Business Sector": "Clothing & Textile",
    "Service offering or Goods": "Seamtress",
    "CIPC Status": "IN BUSINESS"
  },
  {
    "Company Name": "Illuminous Pictures",
    "Trading Name": "Nil",
    "Company Registration No.": "2018/393347/07",
    "Director ID Number": "9809265105085",
    "Contact Number": "0739567960",
    "Email Address": "Illuminous Pictures <illuminous.pictures@gmail.com>",
    "Contact Person": "Sibonelo Mthethwa",
    "Tax pin Expirey Date": "14 March 2026",
    "Valid Status": "Valid",
    "BBBEE Expirey Date": "17 October 2025",
    "Valid Status2": "Valid",
    "Black ownership": "Yes",
    "Black Women ownership": "No",
    "Youth": "Yes",
    "Current size (EME?QSE)": "EME",
    " Company Turn-over ": " R126,249.00 ",
    "Business Location": "Mzingazi",
    "Business Sector": "Media",
    "Service offering or Goods": "Photography",
    "CIPC Status": "IN BUSINESS"
  },
  {
    "Company Name": "Izwelethu Developments",
    "Trading Name": "Nil",
    "Company Registration No.": "2016/068478/07",
    "Director ID Number": "9108106273081",
    "Contact Number": "0833732756/ 0659478758",
    "Email Address": "izwelethu.development@gmail.com",
    "Contact Person": "Sizwe Mkhwanazi",
    "Tax pin Expirey Date": "18 August 2025",
    "Valid Status": "Expired",
    "BBBEE Expirey Date": "27 August 2025",
    "Valid Status2": "Valid",
    "Black ownership": "Yes",
    "Black Women ownership": "No",
    "Youth": "Yes",
    "Current size (EME?QSE)": "EME",
    " Company Turn-over ": " R130,517.00 ",
    "Business Location": "Arboretum",
    "Business Sector": "Construction",
    "Service offering or Goods": "Building Services",
    "CIPC Status": "IN BUSINESS"
  },
  {
    "Company Name": "Legendary S Academy and Training",
    "Trading Name": "Legendary Driving School ",
    "Company Registration No.": "2023/959908/07",
    "Director ID Number": "9906265892082",
    "Contact Number": "0817727642",
    "Email Address": "sanelemyz06@gmail.com",
    "Contact Person": "Sanele Myeza",
    "Tax pin Expirey Date": "Nil",
    "Valid Status": "No Date Captured",
    "BBBEE Expirey Date": "11 February 2026",
    "Valid Status2": "Valid",
    "Black ownership": "Yes",
    "Black Women ownership": "No",
    "Youth": "Yes",
    "Current size (EME?QSE)": "EME",
    " Company Turn-over ": " R344,121.47 ",
    "Business Location": "eSikhawini",
    "Business Sector": "Transport",
    "Service offering or Goods": "Driving School",
    "CIPC Status": "IN BUSINESS"
  },
  {
    "Company Name": "Mesda Bed and Breakfast",
    "Trading Name": "Nil",
    "Company Registration No.": "2020/890421/07",
    "Director ID Number": "6004290739081",
    "Contact Number": "0832641470",
    "Email Address": "mesda8owl@gmail.com",
    "Contact Person": "Nana Mthembu",
    "Tax pin Expirey Date": "46050",
    "Valid Status": "Valid",
    "BBBEE Expirey Date": "46084",
    "Valid Status2": "Valid",
    "Black ownership": "Yes",
    "Black Women ownership": "Yes",
    "Youth": "No",
    "Current size (EME?QSE)": "EME",
    " Company Turn-over ": " R173,870.00 ",
    "Business Location": "Empangeni",
    "Business Sector": "Tourism",
    "Service offering or Goods": "B & B",
    "CIPC Status": "IN BUSINESS"
  },
  {
    "Company Name": "Mkhunji Trading and Enterprises",
    "Trading Name": "Nil",
    "Company Registration No.": "2018/439514/07",
    "Director ID Number": "9202116231088",
    "Contact Number": "0678850443/0608814514",
    "Email Address": " thandazanisotobe@gmail.com",
    "Contact Person": "Thandazani Sibiya",
    "Tax pin Expirey Date": "11 March 2026",
    "Valid Status": "Valid",
    "BBBEE Expirey Date": "11 March 2025",
    "Valid Status2": "Expired",
    "Black ownership": "Yes",
    "Black Women ownership": "No",
    "Youth": "Yes",
    "Current size (EME?QSE)": "EME",
    " Company Turn-over ": " R146,105.00 ",
    "Business Location": "Nseleni",
    "Business Sector": "Construction",
    "Service offering or Goods": "Building Services",
    "CIPC Status": "IN BUSINESS"
  },
  {
    "Company Name": "Ntwaworld (Pty) Ltd",
    "Trading Name": "Nil",
    "Company Registration No.": "2016/254868/07",
    "Director ID Number": "9011020499081",
    "Contact Number": "0614440871",
    "Email Address": "thndmkhz@gmail.com",
    "Contact Person": "Noluthando Mkhize",
    "Tax pin Expirey Date": "28 February 2026",
    "Valid Status": "Valid",
    "BBBEE Expirey Date": "21 May 2025",
    "Valid Status2": "Expired",
    "Black ownership": "Yes",
    "Black Women ownership": "Yes",
    "Youth": "Yes",
    "Current size (EME?QSE)": "EME",
    " Company Turn-over ": " R328,663.00 ",
    "Business Location": "Macekane",
    "Business Sector": "Energy",
    "Service offering or Goods": "Oil Purification",
    "CIPC Status": "IN BUSINESS"
  },
  {
    "Company Name": "Perfectionist Fashion Design",
    "Trading Name": "Nil",
    "Company Registration No.": "2014/068729/07",
    "Director ID Number": "8910120368081",
    "Contact Number": "0735110558",
    "Email Address": "zine mbatha <zinembatha@gmail.com>",
    "Contact Person": "Ntombizine Mbatha",
    "Tax pin Expirey Date": "Nil",
    "Valid Status": "No Date Captured",
    "BBBEE Expirey Date": "09 October 2023",
    "Valid Status2": "Expired",
    "Black ownership": "Yes",
    "Black Women ownership": "Yes",
    "Youth": "No",
    "Current size (EME?QSE)": "EME",
    " Company Turn-over ": " R155,645.00 ",
    "Business Location": "eSikhawini",
    "Business Sector": "Clothing & Textile",
    "Service offering or Goods": "Seamtress",
    "CIPC Status": "AR DEREGISTRATION "
  },
  {
    "Company Name": "Pure Vawter",
    "Trading Name": "Nil",
    "Company Registration No.": "2019/215376/07",
    "Director ID Number": "8709256085083",
    "Contact Number": "0814205506",
    "Email Address": "Nakhokonke Mngadi <tysync@gmail.com>",
    "Contact Person": "Nakhokonke Mngadi",
    "Tax pin Expirey Date": "14 February 2026",
    "Valid Status": "Valid",
    "BBBEE Expirey Date": "13 February 2026",
    "Valid Status2": "Valid",
    "Black ownership": "Yes",
    "Black Women ownership": "No",
    "Youth": "No",
    "Current size (EME?QSE)": "EME",
    " Company Turn-over ": " R178,412.00 ",
    "Business Location": "Aquadene",
    "Business Sector": "Water",
    "Service offering or Goods": "Water purification",
    "CIPC Status": "IN BUSINESS"
  },
  {
    "Company Name": "Recovery Credit Dispute",
    "Trading Name": "Nil",
    "Company Registration No.": "2019/581789/07",
    "Director ID Number": "8808201294087",
    "Contact Number": "0783024501",
    "Email Address": "z.creditrelief@gmail.com",
    "Contact Person": "Nikiwe Zele",
    "Tax pin Expirey Date": "23 February 2026",
    "Valid Status": "Valid",
    "BBBEE Expirey Date": "26 February 2026",
    "Valid Status2": "Valid",
    "Black ownership": "Yes",
    "Black Women ownership": "Yes",
    "Youth": "No",
    "Current size (EME?QSE)": "EME",
    " Company Turn-over ": " R490,909.00 ",
    "Business Location": "Arboretum",
    "Business Sector": "Finance",
    "Service offering or Goods": "Credit Recovery",
    "CIPC Status": "IN BUSINESS"
  },
  {
    "Company Name": "S Dube Services ",
    "Trading Name": "Nil",
    "Company Registration No.": "2024/463937/07",
    "Director ID Number": "9612085720087",
    "Contact Number": "0818710091/0785872986",
    "Email Address": "sanelerduberr@gmail.com",
    "Contact Person": "Sanele Dube",
    "Tax pin Expirey Date": "22 August 2025",
    "Valid Status": "Valid",
    "BBBEE Expirey Date": "25 July 2025",
    "Valid Status2": "Expired",
    "Black ownership": "Yes",
    "Black Women ownership": "No",
    "Youth": "Yes",
    "Current size (EME?QSE)": "EME",
    " Company Turn-over ": " R173,207.00 ",
    "Business Location": "eSikhawini",
    "Business Sector": "Maintenance",
    "Service offering or Goods": "Landscaping",
    "CIPC Status": "IN BUSINESS"
  },
  {
    "Company Name": "Shepard Media and Communications ",
    "Trading Name": "Nil",
    "Company Registration No.": "2022/450529/07",
    "Director ID Number": "9906300836086",
    "Contact Number": "0847055171",
    "Email Address": "shepherdmediac@gmail.com",
    "Contact Person": "Sinqobile Mahlambi",
    "Tax pin Expirey Date": "13 March 2026",
    "Valid Status": "Valid",
    "BBBEE Expirey Date": "12 March 2026",
    "Valid Status2": "Valid",
    "Black ownership": "Yes",
    "Black Women ownership": "Yes",
    "Youth": "Yes",
    "Current size (EME?QSE)": "EME",
    " Company Turn-over ": " R-   ",
    "Business Location": "Meerensee",
    "Business Sector": "ICT",
    "Service offering or Goods": "Multiple services",
    "CIPC Status": "IN BUSINESS"
  },
  {
    "Company Name": "Signergy Signs (Pty) Ltd",
    "Trading Name": "Nil ",
    "Company Registration No.": "2020/699762/07",
    "Director ID Number": "9305055254084",
    "Contact Number": "0836203205",
    "Email Address": "bradley@signergysigns.co.za",
    "Contact Person": "Wandile Cebekhulu ",
    "Tax pin Expirey Date": "Nil",
    "Valid Status": "No Date Captured",
    "BBBEE Expirey Date": "02 April 2025",
    "Valid Status2": "Expired",
    "Black ownership": "Yes",
    "Black Women ownership": "Yes",
    "Youth": "No",
    "Current size (EME?QSE)": "EME",
    " Company Turn-over ": " R296,115.00 ",
    "Business Location": "Empangeni",
    "Business Sector": "Media",
    "Service offering or Goods": "Printing",
    "CIPC Status": "IN BUSINESS"
  },
  {
    "Company Name": "Siyaqhuba Electrical",
    "Trading Name": "Nil",
    "Company Registration No.": "2020/043018/07",
    "Director ID Number": "9602225345085",
    "Contact Number": "0618005612",
    "Email Address": "THOKOZANI@SIYAQHUBASA.CO.ZA <thokozani@siyaqhubasa.co.za>",
    "Contact Person": "Thokozani Madonsela",
    "Tax pin Expirey Date": "13 December 2025",
    "Valid Status": "Valid",
    "BBBEE Expirey Date": "23 January 2026",
    "Valid Status2": "Valid",
    "Black ownership": "Yes",
    "Black Women ownership": "No",
    "Youth": "Yes",
    "Current size (EME?QSE)": "EME",
    " Company Turn-over ": " R337,753.00 ",
    "Business Location": "Aquadene",
    "Business Sector": "Engineering",
    "Service offering or Goods": "Electrical Engineering",
    "CIPC Status": "IN BUSINESS"
  },
  {
    "Company Name": "SK and Mvelo Holdings",
    "Trading Name": "Nil",
    "Company Registration No.": "2023/214831/07",
    "Director ID Number": "9608115618085",
    "Contact Number": "0739694649 / 0633695802",
    "Email Address": "skhumbuzo.nkosie@gmail.com",
    "Contact Person": "Sikhumbuzo Ndlovu",
    "Tax pin Expirey Date": "14 March 2026",
    "Valid Status": "Valid",
    "BBBEE Expirey Date": "14 March 2026",
    "Valid Status2": "Valid",
    "Black ownership": "Yes",
    "Black Women ownership": "No",
    "Youth": "Yes",
    "Current size (EME?QSE)": "EME",
    " Company Turn-over ": " R163,831.00 ",
    "Business Location": "Mzingazi",
    "Business Sector": "Printing",
    "Service offering or Goods": "Number Plates",
    "CIPC Status": "IN BUSINESS"
  },
  {
    "Company Name": "SmaEve Designs ",
    "Trading Name": "Nil",
    "Company Registration No.": "2020/056612/07",
    "Director ID Number": "8711050667082",
    "Contact Number": "0749114425 / 0658274840",
    "Email Address": "simangeled186@gmail.com",
    "Contact Person": "Simangele Khuzwayo",
    "Tax pin Expirey Date": "13 February 2025",
    "Valid Status": "Expired",
    "BBBEE Expirey Date": "18 May 2025",
    "Valid Status2": "Expired",
    "Black ownership": "Yes",
    "Black Women ownership": "Yes",
    "Youth": "No",
    "Current size (EME?QSE)": "EME",
    " Company Turn-over ": " R241,391.00 ",
    "Business Location": "Arboretum",
    "Business Sector": "Agriculture",
    "Service offering or Goods": "Bee Keeper",
    "CIPC Status": "IN BUSINESS"
  },
  {
    "Company Name": "Snekhethelo Business Enterprise",
    "Trading Name": "Nil",
    "Company Registration No.": "2015/133546/07",
    "Director ID Number": "8809270797083",
    "Contact Number": "0720411225/ 0787009428",
    "Email Address": "sinenhlanhla khoza <grekhoza@gmail.com>",
    "Contact Person": "Snethemba Koza",
    "Tax pin Expirey Date": "13 March 2026",
    "Valid Status": "Valid",
    "BBBEE Expirey Date": "30 June 2025",
    "Valid Status2": "Expired",
    "Black ownership": "Yes",
    "Black Women ownership": "Yes",
    "Youth": "No",
    "Current size (EME?QSE)": "EME",
    " Company Turn-over ": " R137,037.00 ",
    "Business Location": "eSikhawini",
    "Business Sector": "Nil",
    "Service offering or Goods": "Nil",
    "CIPC Status": "IN BUSINESS"
  },
  {
    "Company Name": "SNV Solutions ",
    "Trading Name": "Nil",
    "Company Registration No.": "2020/890217/07",
    "Director ID Number": "7908015341081",
    "Contact Number": "0783838282",
    "Email Address": "Sphamandla Shange <shangesphamandla@gmail.com>",
    "Contact Person": "Sphamandla Shange",
    "Tax pin Expirey Date": "10 October 2025",
    "Valid Status": "Valid",
    "BBBEE Expirey Date": "09 October 2025",
    "Valid Status2": "Valid",
    "Black ownership": "Yes",
    "Black Women ownership": "No",
    "Youth": "No",
    "Current size (EME?QSE)": "EME",
    " Company Turn-over ": " R395,396.00 ",
    "Business Location": "Mzingazi",
    "Business Sector": "Supply",
    "Service offering or Goods": "Office Equipment",
    "CIPC Status": "IN BUSINESS"
  },
  {
    "Company Name": "Sokhulu and Partners Car Hire",
    "Trading Name": "Nil",
    "Company Registration No.": "2023/550319/07",
    "Director ID Number": "8307015356083",
    "Contact Number": "0631601738",
    "Email Address": "okuhle628@gmail.com",
    "Contact Person": "Mzamo Mthiyane",
    "Tax pin Expirey Date": "07 March 2026",
    "Valid Status": "Valid",
    "BBBEE Expirey Date": "03 February 2024",
    "Valid Status2": "Expired",
    "Black ownership": "Yes",
    "Black Women ownership": "No",
    "Youth": "No",
    "Current size (EME?QSE)": "EME",
    " Company Turn-over ": " R421,405.00 ",
    "Business Location": "Kwambonambi",
    "Business Sector": "Transport",
    "Service offering or Goods": "car hire",
    "CIPC Status": "IN BUSINESS"
  },
  {
    "Company Name": "Solwakhe ",
    "Trading Name": "Solwakhe Spa",
    "Company Registration No.": "2019/145519/07",
    "Director ID Number": "9002100800082",
    "Contact Number": "063 398 8993 / 072 466 0386",
    "Email Address": "MKHUNJI 2023 <mkhunji2023@gmail.com>",
    "Contact Person": "Silondile Gumede",
    "Tax pin Expirey Date": "Nil",
    "Valid Status": "No Date Captured",
    "BBBEE Expirey Date": "14 March 2026",
    "Valid Status2": "Valid",
    "Black ownership": "Yes",
    "Black Women ownership": "Yes",
    "Youth": "Yes",
    "Current size (EME?QSE)": "EME",
    " Company Turn-over ": " R-   ",
    "Business Location": "Nseleni",
    "Business Sector": "Beauty",
    "Service offering or Goods": "Spa",
    "CIPC Status": "IN BUSINESS"
  },
  {
    "Company Name": "Sthenjwa Visuals",
    "Trading Name": "Nil",
    "Company Registration No.": "2021/957893/07",
    "Director ID Number": "9412175660081",
    "Contact Number": "066 207 7657",
    "Email Address": "nzuzongema.17@gmail.com",
    "Contact Person": "Nzuzo Ngema ",
    "Tax pin Expirey Date": "Nil",
    "Valid Status": "No Date Captured",
    "BBBEE Expirey Date": "02 February 2026",
    "Valid Status2": "Valid",
    "Black ownership": "Yes",
    "Black Women ownership": "No",
    "Youth": "Yes",
    "Current size (EME?QSE)": "EME",
    " Company Turn-over ": " R140,461.00 ",
    "Business Location": "eSikhawini",
    "Business Sector": "Media",
    "Service offering or Goods": "Photography",
    "CIPC Status": "IN BUSINESS"
  },
  {
    "Company Name": "Thabza Net ",
    "Trading Name": "Nil",
    "Company Registration No.": "2024/191837/07",
    "Director ID Number": "8212026328081",
    "Contact Number": "0765516515",
    "Email Address": "thabzanet.cafe@gmail.com",
    "Contact Person": "Patrick Mtshali",
    "Tax pin Expirey Date": "02 June 2026",
    "Valid Status": "Valid",
    "BBBEE Expirey Date": "03 April 2025",
    "Valid Status2": "Expired",
    "Black ownership": "Yes",
    "Black Women ownership": "No",
    "Youth": "No",
    "Current size (EME?QSE)": "EME",
    " Company Turn-over ": " R70,947.00 ",
    "Business Location": "Esikhawini",
    "Business Sector": "ICT",
    "Service offering or Goods": "Internet café",
    "CIPC Status": "IN BUSINESS"
  },
  {
    "Company Name": "Thulys Fast Food",
    "Trading Name": "Nil",
    "Company Registration No.": "2021/986248/07",
    "Director ID Number": "8209090262089",
    "Contact Number": "0603302798 / 0640656573",
    "Email Address": "buyii6624@gmail.com",
    "Contact Person": "Nokuthula Ngezeni Mbokazi",
    "Tax pin Expirey Date": "44944",
    "Valid Status": "Expired",
    "BBBEE Expirey Date": "45999",
    "Valid Status2": "Valid",
    "Black ownership": "Yes",
    "Black Women ownership": "Yes",
    "Youth": "No",
    "Current size (EME?QSE)": "EME",
    " Company Turn-over ": " R47,621.00 ",
    "Business Location": "Kwambonambi",
    "Business Sector": "Food",
    "Service offering or Goods": "Fast Food",
    "CIPC Status": "IN BUSINESS"
  },
  {
    "Company Name": "TSCUAA",
    "Trading Name": "TSCUAA Cleaning & Laundry Services",
    "Company Registration No.": "2023/614785/07",
    "Director ID Number": "8104285858082",
    "Contact Number": "073 850 8163 ",
    "Email Address": "Senzeni Sbambo <senzi.sbambo@gmail.com>",
    "Contact Person": "Themba Gwala",
    "Tax pin Expirey Date": "13 March 2025",
    "Valid Status": "Expired",
    "BBBEE Expirey Date": "14 November 2025",
    "Valid Status2": "Valid",
    "Black ownership": "Yes",
    "Black Women ownership": "No",
    "Youth": "No",
    "Current size (EME?QSE)": "EME",
    " Company Turn-over ": " R138,917.00 ",
    "Business Location": "Mzingazi",
    "Business Sector": "Cleaning",
    "Service offering or Goods": "Cleaning Services",
    "CIPC Status": "IN BUSINESS"
  },
  {
    "Company Name": "Umathole Amahle",
    "Trading Name": "Nil",
    "Company Registration No.": "2020/279239/07",
    "Director ID Number": "9506300897086",
    "Contact Number": "0681590864",
    "Email Address": "nonhlembali2@icloud.com",
    "Contact Person": "Nonhle Sithole",
    "Tax pin Expirey Date": "26 September 2025",
    "Valid Status": "Valid",
    "BBBEE Expirey Date": "02 December 2025",
    "Valid Status2": "Valid",
    "Black ownership": "Yes",
    "Black Women ownership": "Yes",
    "Youth": "Yes",
    "Current size (EME?QSE)": "EME",
    " Company Turn-over ": " R143,174.00 ",
    "Business Location": "eSikhawini",
    "Business Sector": "Manufacturing",
    "Service offering or Goods": "Detergents",
    "CIPC Status": "IN BUSINESS"
  },
  {
    "Company Name": "VBM Legacy",
    "Trading Name": "Nil",
    "Company Registration No.": "2019/074760/07",
    "Director ID Number": "8907215770080",
    "Contact Number": "0736598189 / 0691781445",
    "Email Address": "Vukani Vincent <thanivevukanimpontshane@gmail.com>",
    "Contact Person": "Vukani Mpotshane",
    "Tax pin Expirey Date": "30 April 2025",
    "Valid Status": "Expired",
    "BBBEE Expirey Date": "05 December 2025",
    "Valid Status2": "Valid",
    "Black ownership": "Yes",
    "Black Women ownership": "No",
    "Youth": "No",
    "Current size (EME?QSE)": "EME",
    " Company Turn-over ": " R150,420.00 ",
    "Business Location": "Esikhawini",
    "Business Sector": "Food",
    "Service offering or Goods": "Shisanyama",
    "CIPC Status": "IN BUSINESS"
  },
  {
    "Company Name": "Vuks Engineering and Construction",
    "Trading Name": "Nil",
    "Company Registration No.": "2006/060191/23",
    "Director ID Number": "6202145775082",
    "Contact Number": "0632215332",
    "Email Address": "vukile louis ndlovu <nvndlovuh@gmail.com>",
    "Contact Person": "Vukile Ndlovu",
    "Tax pin Expirey Date": "Nil",
    "Valid Status": "No Date Captured",
    "BBBEE Expirey Date": "Nil",
    "Valid Status2": "No Date Captured",
    "Black ownership": "Yes",
    "Black Women ownership": "No",
    "Youth": "No",
    "Current size (EME?QSE)": "EME",
    " Company Turn-over ": " R127,095.00 ",
    "Business Location": "Empangeni",
    "Business Sector": "Engineering",
    "Service offering or Goods": "Fabrication",
    "CIPC Status": "IN BUSINESS"
  }
]
