[
  {
    "Company Name": "Agrimika Holdings",
    "Purchase Type": "Laptop",
    "Service Provider": "Incredible Connection",
    "List of items": "Asus Vivobook Intel, Ram 512 GB SSD Laptop",
    " Amount ": " R10,999.00 ",
    " Purchase Order ": " Yes ",
    "Invoice Received": " No ",
    " Type of invoice in file ": " Quotation ",
    " Items Received ": " No ",
    " Quotes align to presntation ": " Yes "
  },
  {
    "Company Name": "Agrimika Holdings",
    "Purchase Type": "Printer",
    "Service Provider": "Onsite Computers",
    "List of items": "Brother DCP-T420DW A4WiFi Multifunction Ink Tank ",
    " Amount ": " R3,600.00 ",
    " Purchase Order ": " Yes ",
    "Invoice Received": " No ",
    " Type of invoice in file ": " Quotation ",
    " Items Received ": " No ",
    " Quotes align to presntation ": " Yes "
  },
  {
    "Company Name": "Agrimika Holdings",
    "Purchase Type": "Tools",
    "Service Provider": "Mowcare Richards Bay",
    "List of items": "Brushcutters,Generator, Chainsaw, Pole Pruner, Foresters Helmet Assembly, Gloves, Safety Glasses.",
    " Amount ": " R71,914.99 ",
    " Purchase Order ": " Yes ",
    "Invoice Received": " No ",
    " Type of invoice in file ": " Quotation ",
    " Items Received ": " No ",
    " Quotes align to presntation ": " Yes "
  },
  {
    "Company Name": "Agrimika Holdings",
    "Purchase Type": "PPE",
    "Service Provider": "Workwear Depot",
    "List of items": "Women's Cotton Short Sleeve Shirt, Women's Cargo Trousers Khaki, Ladies Thuli Boot Black, JW High Viz Vest",
    " Amount ": " R2,836.00 ",
    " Purchase Order ": " Yes ",
    "Invoice Received": " No ",
    " Type of invoice in file ": " Quotation ",
    " Items Received ": " No ",
    " Quotes align to presntation ": " Yes "
  },
  {
    "Company Name": "Agrimika Holdings",
    "Purchase Type": "Stationery",
    "Service Provider": "Waltons",
    "List of items": "Swivel Chair, Viron Smart Desk laminate Top and Sheleves, Tubular Desk Tidy Plastic, Mondi Rotatrim, ",
    " Amount ": " R4,426.71 ",
    " Purchase Order ": " Yes ",
    "Invoice Received": " No ",
    " Type of invoice in file ": " Quotation ",
    " Items Received ": " No ",
    " Quotes align to presntation ": " Yes "
  },
  {
    "Company Name": "Agrimika Holdings",
    "Purchase Type": "Tools",
    "Service Provider": "Game",
    "List of items": "Toolkit, Rotary Hammer, Angle Grinder, CAT Impact Drill",
    " Amount ": " R6,095.00 ",
    " Purchase Order ": " Yes ",
    "Invoice Received": " No ",
    " Type of invoice in file ": " Quotation ",
    " Items Received ": " No ",
    " Quotes align to presntation ": " Yes "
  },
  {
    "Company Name": "Total Grant Disbursement",
    "Purchase Type": "",
    "Service Provider": "",
    "List of items": "",
    " Amount ": " R99,871.70 ",
    " Purchase Order ": "",
    "Invoice Received": "",
    " Type of invoice in file ": "",
    " Items Received ": "",
    " Quotes align to presntation ": ""
  },
  {
    "Company Name": "Alondekuhle",
    "Purchase Type": "Equipment",
    "Service Provider": "Chief Africa Investments",
    "List of items": "Mobile kitchen, Dinner Plates, Chaffing Dish Roll, BBQ Grill Squeare, Pot 40L, Electric bain, Gas Cykinder, Rectangular Folding Table, Serving spoons, Tong 400mm Utility, HWP-Knife Sets 3pc, Popocorn, Roll Top Round. ",
    " Amount ": " R99,900.90 ",
    " Purchase Order ": " Yes ",
    "Invoice Received": " Yes ",
    " Type of invoice in file ": " Pro-Forma Invoice ",
    " Items Received ": " No ",
    " Quotes align to presntation ": " Yes "
  },
  {
    "Company Name": "Total Grant Disbursement",
    "Purchase Type": "",
    "Service Provider": "",
    "List of items": "",
    " Amount ": " R99,900.90 ",
    " Purchase Order ": "",
    "Invoice Received": "",
    " Type of invoice in file ": "",
    " Items Received ": "",
    " Quotes align to presntation ": ""
  },
  {
    "Company Name": "Amatshana Holdings",
    "Purchase Type": "Tools",
    "Service Provider": "Ngwane Civil Engineering",
    "List of items": "Galvanized Extractor flu pipe-600mm, Galvanized Extractor Canopy (300*1500mm), Galvanized Extractor Fan-560mm, Galvanized Extractor Rain Cowl-400mm",
    " Amount ": " R46,402.50 ",
    " Purchase Order ": " No ",
    "Invoice Received": " No ",
    " Type of invoice in file ": " Tax Invoice ",
    " Items Received ": " No ",
    " Quotes align to presntation ": " Yes "
  },
  {
    "Company Name": "Amatshana Holdings",
    "Purchase Type": "Equipment",
    "Service Provider": "Chief Africa Investments",
    "List of items": "Fryer x 14 , DCE-Anil Chip Dump, Electric Griddle & Groove",
    " Amount ": " R30,497.00 ",
    " Purchase Order ": " No ",
    "Invoice Received": " No ",
    " Type of invoice in file ": " Quotation ",
    " Items Received ": " No ",
    " Quotes align to presntation ": " Yes "
  },
  {
    "Company Name": "Amatshana Holdings",
    "Purchase Type": "Tools",
    "Service Provider": "Turner Morris",
    "List of items": "HP Washer 150Bar 220V",
    " Amount ": " R17,825.00 ",
    " Purchase Order ": " No ",
    "Invoice Received": " No ",
    " Type of invoice in file ": " Tax Invoice ",
    " Items Received ": " No ",
    " Quotes align to presntation ": " Yes "
  },
  {
    "Company Name": "Amatshana Holdings",
    "Purchase Type": "PPE",
    "Service Provider": "Workwear Depot",
    "List of items": "Stretch Cotton Poplin Short sleeve shirt black, Stretch Cotton Poplin Short sleeve fatigue, Versa Textile short sleeve chef jacket, women's versa textile short sleeve chef jacket, womens classic 100 % cotton golfer black, women's demin skirt indigo, womens mid rise tapered fit denim jeans, Dark indigo, embroidery",
    " Amount ": " R6,039.31 ",
    " Purchase Order ": " No ",
    "Invoice Received": " No ",
    " Type of invoice in file ": " Pro-Forma Invoice ",
    " Items Received ": " No ",
    " Quotes align to presntation ": " Yes "
  },
  {
    "Company Name": "Total Grant Disbursement",
    "Purchase Type": "",
    "Service Provider": "",
    "List of items": "",
    " Amount ": " R100,763.81 ",
    " Purchase Order ": "",
    "Invoice Received": "",
    " Type of invoice in file ": "",
    " Items Received ": "",
    " Quotes align to presntation ": ""
  },
  {
    "Company Name": "Asakhe Hardware",
    "Purchase Type": "Ecommerce Website and Laptop",
    "Service Provider": "Berea Compurts cc",
    "List of items": "Ecommerce Website revamp, Printer HP Officejet 100, HP Probook 450 G6 Intel Core i7-8565U 8GB DDR4 ",
    " Amount ": " R100,000.11 ",
    " Purchase Order ": " Yes ",
    "Invoice Received": " No ",
    " Type of invoice in file ": "Tax Invoice",
    " Items Received ": "No",
    " Quotes align to presntation ": "Yes"
  },
  {
    "Company Name": "Total Grant Disbursement",
    "Purchase Type": "",
    "Service Provider": "",
    "List of items": "",
    " Amount ": " R100,000.11 ",
    " Purchase Order ": "",
    "Invoice Received": "",
    " Type of invoice in file ": "",
    " Items Received ": "",
    " Quotes align to presntation ": ""
  },
  {
    "Company Name": "Bafisha",
    "Purchase Type": "Equipment",
    "Service Provider": "Kartcher Center Durban",
    "List of items": "Puzzi 10/1 EU Carpet Cleaner,  SG 4/4 Steam Cleaner",
    " Amount ": " R54,662.50 ",
    " Purchase Order ": " Yes ",
    "Invoice Received": " Yes ",
    " Type of invoice in file ": " Pro-Forma Invoice ",
    " Items Received ": " No ",
    " Quotes align to presntation ": " Yes "
  },
  {
    "Company Name": "Bafisha",
    "Purchase Type": "PPE",
    "Service Provider": "Workwear Depot",
    "List of items": "Versatex work Trousers Navy, Versatex work Jacket Navy, Granite Chelsea Boots Black, 100% Cotton Tee Shirt Navy, Essential High Viz Reflective Jacket Orange, Versatex Hat Navy, FFP2 Disposal Dustmask 20's STD, JW Polyester Palm Crinkle Latex Gloves Blue 10, JW Nitrille Chemical Gloves Green 9, JW VS 9390 Clear Specs STD, General Purpose Gumboots Black 7, Super Strong work Shorts Khaki 30, Essential Jacket Olive M",
    " Amount ": " R10,763.93 ",
    " Purchase Order ": " Yes ",
    "Invoice Received": " No ",
    " Type of invoice in file ": " Pro-Forma Invoice ",
    " Items Received ": " No ",
    " Quotes align to presntation ": " Yes "
  },
  {
    "Company Name": "Bafisha",
    "Purchase Type": "Generator",
    "Service Provider": "Turner Morris",
    "List of items": "Prerssure Cleaner 248 Bar 18 L/PM TM - Engine",
    " Amount ": " R34,579.22 ",
    " Purchase Order ": " Yes ",
    "Invoice Received": " No ",
    " Type of invoice in file ": " Tax Invoice ",
    " Items Received ": " No ",
    " Quotes align to presntation ": " Yes "
  },
  {
    "Company Name": "Total Grant Disbursement",
    "Purchase Type": "",
    "Service Provider": "",
    "List of items": "",
    " Amount ": " R100,005.65 ",
    " Purchase Order ": "",
    "Invoice Received": "",
    " Type of invoice in file ": "",
    " Items Received ": "",
    " Quotes align to presntation ": ""
  },
  {
    "Company Name": "Bayanolwa ",
    "Purchase Type": "Training",
    "Service Provider": "Empire Institute of Training",
    "List of items": "Microblading, Lashes and Nail Therapy Training",
    " Amount ": " R5,700.00 ",
    " Purchase Order ": " Yes ",
    "Invoice Received": " Yes ",
    " Type of invoice in file ": " Quotation ",
    " Items Received ": " No ",
    " Quotes align to presntation ": " Yes "
  },
  {
    "Company Name": "Bayanolwa ",
    "Purchase Type": "Equipment",
    "Service Provider": "Makro",
    "List of items": "Bath Towels, Nail Desk, Cricut ink,Leather Bar stool, Velvet single seater, Erganomic Blash Mesh Chair, Foldable massage bed,  Professional Hair Dryer, Volkano Speaker, Hisense Fridge, Bennette Microwave, Kersol Office Dustbin, Cricut Printer",
    " Amount ": " R54,435.00 ",
    " Purchase Order ": " Yes ",
    "Invoice Received": " No ",
    " Type of invoice in file ": " Quotation ",
    " Items Received ": " No ",
    " Quotes align to presntation ": " Yes "
  },
  {
    "Company Name": "Bayanolwa ",
    "Purchase Type": "Equipment",
    "Service Provider": "Incredible Connection",
    "List of items": "Canon EOS R50 Mirrorless 18-45mm Lens Travel Kit, HP Smart Tank 750 Wireless Duplex All-in-One Printer, HP Rytzen 5 16GB Ram 512SSd, Microsoft Office Home, Treslte Desk, Beige and White",
    " Amount ": " R39,795.00 ",
    " Purchase Order ": " Yes ",
    "Invoice Received": " Yes ",
    " Type of invoice in file ": " Quotation ",
    " Items Received ": " No ",
    " Quotes align to presntation ": " Yes "
  },
  {
    "Company Name": "Total Grant Disbursement",
    "Purchase Type": "",
    "Service Provider": "",
    "List of items": "",
    " Amount ": " R99,930.00 ",
    " Purchase Order ": "",
    "Invoice Received": "",
    " Type of invoice in file ": "",
    " Items Received ": "",
    " Quotes align to presntation ": ""
  },
  {
    "Company Name": "Bourwa Project and Consulting",
    "Purchase Type": "Equipment",
    "Service Provider": "Incredible Connection ",
    "List of items": "Canon Pixma G3470 Mega Tank Printer, Lenono IdeaPad 1 Intel Core i3-1215U 8GB RAM 512gb ",
    " Amount ": " R13,598.00 ",
    " Purchase Order ": " Yes ",
    "Invoice Received": " Yes ",
    " Type of invoice in file ": " Pro-Forma Invoice ",
    " Items Received ": " No ",
    " Quotes align to presntation ": " Yes "
  },
  {
    "Company Name": "Bourwa Project and Consulting",
    "Purchase Type": "Equipment",
    "Service Provider": "Turner Morris",
    "List of items": "Mixer Kit 220V 0,25KW 120L Drum Light Duty Unassembled",
    " Amount ": " R5,703.25 ",
    " Purchase Order ": " Yes ",
    "Invoice Received": " Yes ",
    " Type of invoice in file ": " Tax Invoice ",
    " Items Received ": " No ",
    " Quotes align to presntation ": " Yes "
  },
  {
    "Company Name": "Bourwa Project and Consulting",
    "Purchase Type": "Equipment",
    "Service Provider": "Container Consumables",
    "List of items": "6m x 2,4m Basic Office Container, Steel Entrance door, Alumin Windows with Burglar Guards, DB, 1L/Sw, 1 Flourescent light, 2 dbl plug points. ",
    " Amount ": " R56,925.00 ",
    " Purchase Order ": " Yes ",
    "Invoice Received": " Yes ",
    " Type of invoice in file ": " Tax Invoice ",
    " Items Received ": " No ",
    " Quotes align to presntation ": " Yes "
  },
  {
    "Company Name": "Bourwa Project and Consulting",
    "Purchase Type": "Tools",
    "Service Provider": "Builders Warehouse",
    "List of items": "Ryobi Generator 2,5 KVA 4ST, Ryobi Bench Drill Press 16mm 500W, Tradeair Compress Hobby 50lt D/D 1,5HP Kit, Makita Cut Off Saw 2000W LW 1401, Grip Tool Set 86 PCE, DC Smart Inverter Welder 220A, Big Jim Toolbox, Camp Master Chair Folding. ",
    " Amount ": " R23,042.00 ",
    " Purchase Order ": " Yes ",
    "Invoice Received": " Yes ",
    " Type of invoice in file ": " Pro-Forma Invoice ",
    " Items Received ": " No ",
    " Quotes align to presntation ": " Yes "
  },
  {
    "Company Name": "Total Grant Disbursement",
    "Purchase Type": "",
    "Service Provider": "",
    "List of items": "",
    " Amount ": " R99,268.25 ",
    " Purchase Order ": "",
    "Invoice Received": "",
    " Type of invoice in file ": "",
    " Items Received ": "",
    " Quotes align to presntation ": ""
  },
  {
    "Company Name": "Chaliluque Services ",
    "Purchase Type": "Tools",
    "Service Provider": "Mowcare Richards Bay",
    "List of items": "Pole Pruner - 525PT5S TELESCOPIC, Chainsaw Stihl FS161, Blower BG50, Chain Lubricant, Nylon Precut 3,5mm Predator Fuel Can, Shingaurds, Grease 80G Multipurpose, Hobby Head Low (Red), Oil 2 Stroke 10 l Stihl Apron - Brushcutter, Forester Helmet Set, Face Sheild Mesh Visor, Round File 5,2 MM Air Filter. ",
    " Amount ": " R50,000.00 ",
    " Purchase Order ": " Yes ",
    "Invoice Received": " Yes ",
    " Type of invoice in file ": "",
    " Items Received ": "No",
    " Quotes align to presntation ": "Yes"
  },
  {
    "Company Name": "Chaliluque Services ",
    "Purchase Type": "PPE",
    "Service Provider": "Workwear Depot",
    "List of items": " Versatex Work Jacket Red S, Versatex Work Trousers Red 30, Steel Toe Cap Gumboots Black, General Purpose Gumboots Black , Utility Boots Black, Ankle Gumboots Black, High Viz Rain Jacket with Reflective Tape Lime, High Viz Rain Trousers, Ripstop Multi-pocket Shorts Navy , Legendary Two-tone Short sleeve shirt fatigue/stone S, Legendary Long Sleeve Shirt KhakiM, Essential Jacket Olive L",
    " Amount ": " R11,945.00 ",
    " Purchase Order ": " Yes ",
    "Invoice Received": " Yes ",
    " Type of invoice in file ": " Pro-Forma Invoice ",
    " Items Received ": "No",
    " Quotes align to presntation ": "Yes"
  },
  {
    "Company Name": "Chaliluque Services ",
    "Purchase Type": "Equipment",
    "Service Provider": "Game",
    "List of items": "Lenovo Intel Celeron 8GB 256GB, Canon In Colour Printer, Typek Paper A4, Ryobi 125cc Petrol Lawnmower, Wolf 43cc Petrol, Garden Mass3pc, Canon Ink Black, Mid Back Office Chair",
    " Amount ": " R33,182.00 ",
    " Purchase Order ": " Yes ",
    "Invoice Received": " Yes ",
    " Type of invoice in file ": " Pro-Forma Invoice ",
    " Items Received ": "No",
    " Quotes align to presntation ": "Yes"
  },
  {
    "Company Name": "Chaliluque Services ",
    "Purchase Type": "Equipment",
    "Service Provider": "Hire Anything",
    "List of items": "Stihl RE90 High Pressure washer, Stihl Harness 41477109000, Stihl Helmet",
    " Amount ": " R4,783.00 ",
    " Purchase Order ": " Yes ",
    "Invoice Received": " Yes ",
    " Type of invoice in file ": "Tax Invoice",
    " Items Received ": "No",
    " Quotes align to presntation ": "Yes"
  },
  {
    "Company Name": "Total Grant Disbursement",
    "Purchase Type": "",
    "Service Provider": "",
    "List of items": "",
    " Amount ": " R99,910.00 ",
    " Purchase Order ": "",
    "Invoice Received": "",
    " Type of invoice in file ": "",
    " Items Received ": "",
    " Quotes align to presntation ": ""
  },
  {
    "Company Name": "Chule Enterprise and Logistics",
    "Purchase Type": "Equipment",
    "Service Provider": "Incredible Connection",
    "List of items": "Asus AIO M3400 R5 7520U 8 512",
    " Amount ": " R25,095.00 ",
    " Purchase Order ": " Yes ",
    "Invoice Received": " Yes ",
    " Type of invoice in file ": " Pro-Forma Invoice ",
    " Items Received ": "No",
    " Quotes align to presntation ": "Yes"
  },
  {
    "Company Name": "Chule Enterprise and Logistics",
    "Purchase Type": "Renovation",
    "Service Provider": "Kalubelo",
    "List of items": "General Building Maintenance - Door Renovation, Roof Renovation (IBR sheets and rain pproof set up), 4mm x 5,5m ceiling = LED Lights Installation, Midea Aircon Installation, Interior and Exterior Painting + Tiling",
    " Amount ": " R72,565.00 ",
    " Purchase Order ": " Yes ",
    "Invoice Received": " Yes ",
    " Type of invoice in file ": "Tax Invoice",
    " Items Received ": "No",
    " Quotes align to presntation ": "Yes"
  },
  {
    "Company Name": "Chule Enterprise and Logistics",
    "Purchase Type": "Stationery",
    "Service Provider": "Padayachee",
    "List of items": "A4 Fellowes Laminating Machine, A4 Box 150 Mic Laminating Pouches, Dakt Lever Arch, Punch, Dup Invoice Book, A4 192p 2 Quire, Masonite Clipboard, A4 20pg Flip File. ",
    " Amount ": " R2,105.00 ",
    " Purchase Order ": " Yes ",
    "Invoice Received": " Yes ",
    " Type of invoice in file ": "Tax Invoice",
    " Items Received ": "No",
    " Quotes align to presntation ": "Yes"
  },
  {
    "Company Name": "Total Grant Disbursement",
    "Purchase Type": "",
    "Service Provider": "",
    "List of items": "",
    " Amount ": " R99,765.00 ",
    " Purchase Order ": "",
    "Invoice Received": "",
    " Type of invoice in file ": "",
    " Items Received ": "",
    " Quotes align to presntation ": ""
  },
  {
    "Company Name": "Dlakadla Holdings",
    "Purchase Type": "POS Systems (Stock)",
    "Service Provider": "Goldenfit Investments",
    "List of items": "AIO POS C800 (Touch Terminal), HPRT Thermal receipt Printer, Superlead 7707 Barcode Scanner, Cash Draw, Customer Display LD220G (USB) ",
    " Amount ": " R99,901.06 ",
    " Purchase Order ": " No ",
    "Invoice Received": " Yes ",
    " Type of invoice in file ": " Tax Invoice ",
    " Items Received ": " No ",
    " Quotes align to presntation ": " Yes "
  },
  {
    "Company Name": "Total Grant Disbursement",
    "Purchase Type": "",
    "Service Provider": "",
    "List of items": "",
    " Amount ": " R99,901.06 ",
    " Purchase Order ": "",
    "Invoice Received": "",
    " Type of invoice in file ": "",
    " Items Received ": "",
    " Quotes align to presntation ": ""
  },
  {
    "Company Name": "Dongelihle Enterprises ",
    "Purchase Type": "Equipment",
    "Service Provider": "UNO Sewing",
    "List of items": "Kingstar Pain Machine, Kingstar 5 Tread Overlocker, K/star F/bed Coverseam 5,6m, Round KnifeInd, Zigzag machine, Kingstar binding machine, Walking foot with 12mm, Hand press  machine, 32mm/1000pcs Botton covers, Dye for button cover 32, Silver Star bottle Iron",
    " Amount ": " R100,135.81 ",
    " Purchase Order ": " Yes ",
    "Invoice Received": " No ",
    " Type of invoice in file ": " Pro-Forma Invoice ",
    " Items Received ": " No ",
    " Quotes align to presntation ": " Yes "
  },
  {
    "Company Name": "Total Grant Disbursement",
    "Purchase Type": "",
    "Service Provider": "",
    "List of items": "",
    " Amount ": " R100,135.81 ",
    " Purchase Order ": "",
    "Invoice Received": "",
    " Type of invoice in file ": "",
    " Items Received ": "",
    " Quotes align to presntation ": ""
  },
  {
    "Company Name": "Fefe Willy Beauty",
    "Purchase Type": "Equipment",
    "Service Provider": "Incredible Connection",
    "List of items": "Lenovo IdeaPad 1 Intel Celeron N4500 8GB Ram 256GB SSD Laptop, Canon Maxify MB2140 4-in1 Multi-function Printer",
    " Amount ": " R10,997.00 ",
    " Purchase Order ": " No ",
    "Invoice Received": " No ",
    " Type of invoice in file ": " Pro-Forma Invoice ",
    " Items Received ": " No ",
    " Quotes align to presntation ": " Yes "
  },
  {
    "Company Name": "Fefe Willy Beauty",
    "Purchase Type": "Equipment",
    "Service Provider": "Game",
    "List of items": "Defy 348L Bottom Freezer, Sunbeam Water Bottle, Defy 30L Dolo Microwave",
    " Amount ": " R11,546.00 ",
    " Purchase Order ": " No ",
    "Invoice Received": " No ",
    " Type of invoice in file ": " Pro-Forma Invoice ",
    " Items Received ": " No ",
    " Quotes align to presntation ": " Yes "
  },
  {
    "Company Name": "Fefe Willy Beauty",
    "Purchase Type": "Equipment",
    "Service Provider": "MQLQ Trading Pty Ltd (HomeHyper)",
    "List of items": "Couch L-shape, Office Desk, Office Cabiinet, Coffee Table, Salon Sink, Salon Hairdryer, Salon Chair, Mirrors, Nail DustCollector UV LED Lamp, Nail Polish, Hair Dryer, Ring Light, Camera Hilook, Bar Chairs. ",
    " Amount ": " R77,350.00 ",
    " Purchase Order ": " No ",
    "Invoice Received": " No ",
    " Type of invoice in file ": " Tax Invoice ",
    " Items Received ": " No ",
    " Quotes align to presntation ": " Yes "
  },
  {
    "Company Name": "Total Grant Disbursement",
    "Purchase Type": "",
    "Service Provider": "",
    "List of items": "",
    " Amount ": " R99,893.00 ",
    " Purchase Order ": "",
    "Invoice Received": "",
    " Type of invoice in file ": "",
    " Items Received ": "",
    " Quotes align to presntation ": ""
  },
  {
    "Company Name": "FNS Visuals",
    "Purchase Type": "Equipment",
    "Service Provider": "ORMS",
    "List of items": "Nikon Z6 lll Body, Nikon Z24-70mm f2,8 S Lens, GODOX X3 NANO TTL Wireless Trigger NIKON, Godox 120 cm Quick Parabolic S/Box, Godox AK-R1 Magnetic Acc Kit AD200, Godox Battery, Godox Charger, Godox Diffussion Box, Godox Bowens Bracket, Godox Collapsible Diffusion Dome, Godox 260T Light Stand, SmallRig Camera wrist Strap PSW2398",
    " Amount ": " R100,000.00 ",
    " Purchase Order ": "Yes",
    "Invoice Received": "No",
    " Type of invoice in file ": "Quotation",
    " Items Received ": "No",
    " Quotes align to presntation ": "Yes"
  },
  {
    "Company Name": "Total Grant Disbursement",
    "Purchase Type": "",
    "Service Provider": "",
    "List of items": "",
    " Amount ": " R100,000.00 ",
    " Purchase Order ": "",
    "Invoice Received": "",
    " Type of invoice in file ": "",
    " Items Received ": "",
    " Quotes align to presntation ": ""
  },
  {
    "Company Name": "Ikhonabox Lifestyle",
    "Purchase Type": "Sewing Machine",
    "Service Provider": "Pro Sewing",
    "List of items": "Jack D/Ddrive Straight Stitch Machine, Complete Stand and Table, Jack Direct Drive Walking Foot Machine, Jack Five Thread Overlocker Complete Stand & Table, Round Knife Cutting Machine",
    " Amount ": " R79,017.60 ",
    " Purchase Order ": "Yes",
    "Invoice Received": "Yes",
    " Type of invoice in file ": "Tax Invoice",
    " Items Received ": "Yes",
    " Quotes align to presntation ": "Yes"
  },
  {
    "Company Name": "Ikhonabox Lifestyle",
    "Purchase Type": "Equipment",
    "Service Provider": "Incredible Connection",
    "List of items": "HP 15s Ryzen 3 5425U 8GB Ram 256 GB SSD Laptop, Blackview Tab 90 Grey Bundle, MS M365 Personal - ESD/POR, Vodacom (Huawei) E5783 Mifi Router, Genius Cleaning Kit GCK",
    " Amount ": " R20,795.00 ",
    " Purchase Order ": "Yes",
    "Invoice Received": "Yes",
    " Type of invoice in file ": "Tax Invoice",
    " Items Received ": "Yes",
    " Quotes align to presntation ": "Yes"
  },
  {
    "Company Name": "Total Grant Disbursement",
    "Purchase Type": "",
    "Service Provider": "",
    "List of items": "",
    " Amount ": " R99,812.60 ",
    " Purchase Order ": "",
    "Invoice Received": "",
    " Type of invoice in file ": "",
    " Items Received ": "",
    " Quotes align to presntation ": ""
  },
  {
    "Company Name": "Illuminous Pictures",
    "Purchase Type": "Equipment",
    "Service Provider": "ORMS",
    "List of items": "Sony Alpha A7lll + 28-70, Canon XA-60B Digital Video Camera, Blackmagic Atem Mini Pro Smallrig Ad01 HD Fluid Video T/Pod 3751B, Unitek 20m HDMI2,0 4K M-M Cable, Lindy HDMI Female To Mini HDMI Male, Rode Wireless Go Gen 3, Lexar 128GB SD Silver Pro, Small rig NP-FZ100 USB-C, Battery 4265B, B&W 5000 Case Black with Divider, Godox X3 Nano TTL Wireless Trigger Sony",
    " Amount ": " R92,340.00 ",
    " Purchase Order ": "No",
    "Invoice Received": "No",
    " Type of invoice in file ": "Quotation",
    " Items Received ": "No",
    " Quotes align to presntation ": "Yes"
  },
  {
    "Company Name": "Illuminous Pictures",
    "Purchase Type": "Equipment",
    "Service Provider": "Increadible Connection",
    "List of items": "Acer Aspire Lite 14 Intel Celeron N150 8GB RAM 256GB SSD Laptop, Lexar E6P Portable SSD 1 TB",
    " Amount ": " R7,798.00 ",
    " Purchase Order ": "Yes",
    "Invoice Received": "Yes",
    " Type of invoice in file ": " Pro-Forma Invoice ",
    " Items Received ": "No",
    " Quotes align to presntation ": "Yes"
  },
  {
    "Company Name": "Total Grant Disbursement",
    "Purchase Type": "",
    "Service Provider": "",
    "List of items": "",
    " Amount ": " R100,138.00 ",
    " Purchase Order ": "",
    "Invoice Received": "",
    " Type of invoice in file ": "",
    " Items Received ": "",
    " Quotes align to presntation ": ""
  },
  {
    "Company Name": "Izwelethu Developments",
    "Purchase Type": "Tools",
    "Service Provider": "Bolt Centre",
    "List of items": "Drill 810w 13mm Impact INGco, 800w Rotary hammer InGco, Rotary Hammer Drill 1600W SDS Max Ingo, Circular Saw 185MM 140W Ingco, Planer 1050W Electric Ingco, Tool Kit 108PC Cantilever Ingco, Multimeter Dig DIY 600v AC/DC Helle, Hacksaw 300mm Frame S/grip Ingco Grinder 230mm Angle, Laser Measure, Ladder 10-Step Alum 10,52 KG H/Duty",
    " Amount ": " R17,667.40 ",
    " Purchase Order ": "Yes",
    "Invoice Received": "Yes",
    " Type of invoice in file ": " Pro-Forma Invoice ",
    " Items Received ": "No",
    " Quotes align to presntation ": "Yes"
  },
  {
    "Company Name": "Izwelethu Developments",
    "Purchase Type": "Equipment",
    "Service Provider": "Game",
    "List of items": "Cubot Tab 70 Grey",
    " Amount ": " R2,599.00 ",
    " Purchase Order ": "Yes",
    "Invoice Received": "Yes",
    " Type of invoice in file ": " Pro-Forma Invoice ",
    " Items Received ": "No",
    " Quotes align to presntation ": "Yes"
  },
  {
    "Company Name": "Izwelethu Developments",
    "Purchase Type": "Tools",
    "Service Provider": "Talisman Hire",
    "List of items": "Talisman 6,0 KVA Torx Generator, HP Washer 200 Bar Talisman Flowtex, Aluminium Tripod W/twist Lock, Ruide RL-C32 Auto Level, Aluminium Telescopic Shaft",
    " Amount ": " R59,020.80 ",
    " Purchase Order ": "Yes",
    "Invoice Received": "Yes",
    " Type of invoice in file ": " Pro-Forma Invoice ",
    " Items Received ": "No",
    " Quotes align to presntation ": "Yes"
  },
  {
    "Company Name": "Izwelethu Developments",
    "Purchase Type": "Equipment",
    "Service Provider": "Incredible Connection",
    "List of items": "TP Link MR200 Dual Band 4G-LTE Router, Logitech Wireless Mouse Grey, Volkano Comfort series gel wristguard mousepad, Acer Aspire Lite 16 Intel Core i5 1334U 8GB Ram 512GB SSD Laptop, HP OfficeJet Pro 9730 Wide Format All-in-One. ",
    " Amount ": " R20,644.00 ",
    " Purchase Order ": "Yes",
    "Invoice Received": "Yes",
    " Type of invoice in file ": " Pro-Forma Invoice ",
    " Items Received ": "No",
    " Quotes align to presntation ": "Yes"
  },
  {
    "Company Name": "Total Grant Disbursement",
    "Purchase Type": "",
    "Service Provider": "",
    "List of items": "",
    " Amount ": " R99,931.20 ",
    " Purchase Order ": "",
    "Invoice Received": "",
    " Type of invoice in file ": "",
    " Items Received ": "",
    " Quotes align to presntation ": ""
  },
  {
    "Company Name": "Legendary S Academy and Training",
    "Purchase Type": "Tablets",
    "Service Provider": "Vodacom",
    "List of items": "Samsung Tab A9 64gb 4G",
    " Amount ": " R60,000.00 ",
    " Purchase Order ": "Yes",
    "Invoice Received": "Yes",
    " Type of invoice in file ": "Tax Invoice",
    " Items Received ": "No",
    " Quotes align to presntation ": "Yes"
  },
  {
    "Company Name": "Legendary S Academy and Training",
    "Purchase Type": "Tools",
    "Service Provider": "Game",
    "List of items": "Kingson Bag",
    " Amount ": " R39,952.00 ",
    " Purchase Order ": "Yes",
    "Invoice Received": "Yes",
    " Type of invoice in file ": "Tax Invoice",
    " Items Received ": "No",
    " Quotes align to presntation ": "Yes"
  },
  {
    "Company Name": "Total Grant Disbursement",
    "Purchase Type": "",
    "Service Provider": "",
    "List of items": "",
    " Amount ": " R99,952.00 ",
    " Purchase Order ": "",
    "Invoice Received": "",
    " Type of invoice in file ": "",
    " Items Received ": "",
    " Quotes align to presntation ": ""
  },
  {
    "Company Name": "Mesda Bed and Breakfast",
    "Purchase Type": "Equipment",
    "Service Provider": "Catering Shop Online",
    "List of items": "Griller Flat Top 820mm, Oven 6 Burner Gas Range with Gas Oven, Beverage Cooler 885 Liter",
    " Amount ": " R75,293.00 ",
    " Purchase Order ": " Yes ",
    "Invoice Received": " Yes ",
    " Type of invoice in file ": " Pro-Forma Invoice ",
    " Items Received ": "No",
    " Quotes align to presntation ": "Yes"
  },
  {
    "Company Name": "Mesda Bed and Breakfast",
    "Purchase Type": "Installation",
    "Service Provider": "HF Engineering",
    "List of items": "PS Straight x 3m Hammertone Grey, Classic 4x2 Sgl SSO Hor Wh, SOC Crabtree-Classic 16A SSO Ham/Grey, F802 End Cap Hammertone Grey, CBI Qal 1P C3 15A Mini Rail 13mm, CBI Qal 1P C3 5A Mini Rail, 2,5mm x 2 + Eatth Surfix White, No1 PVC Compression gland D3070, Round Table Clip 9mm 100S,",
    " Amount ": " R16,317.37 ",
    " Purchase Order ": " Yes ",
    "Invoice Received": " Yes ",
    " Type of invoice in file ": "Tax Invoice",
    " Items Received ": "No",
    " Quotes align to presntation ": "Yes"
  },
  {
    "Company Name": "Mesda Bed and Breakfast",
    "Purchase Type": "Equipment",
    "Service Provider": "Hifi Corporation",
    "List of items": "Proline 14 Intel Celeron N4020 8GB, Canon Pixma TS3640 3in1 Multifunction, Volkano Seidmic 15,6 Laptop Shoulder",
    " Amount ": " R8,380.00 ",
    " Purchase Order ": " Yes ",
    "Invoice Received": " Yes ",
    " Type of invoice in file ": " Pro-Forma Invoice ",
    " Items Received ": "No",
    " Quotes align to presntation ": "Yes"
  },
  {
    "Company Name": "Total Grant Disbursement",
    "Purchase Type": "",
    "Service Provider": "",
    "List of items": "",
    " Amount ": " R99,990.37 ",
    " Purchase Order ": "",
    "Invoice Received": "",
    " Type of invoice in file ": "",
    " Items Received ": "",
    " Quotes align to presntation ": ""
  },
  {
    "Company Name": "Mkhunji Trading and Enterprises",
    "Purchase Type": "Tools",
    "Service Provider": "Turner Morris",
    "List of items": "Breaker 220v 27 KG, Contractors value Rammer 70KG, Concrete Saw Push Type 450MM Blade Size, Generator 6KVA",
    " Amount ": " R78,890.00 ",
    " Purchase Order ": "Yes",
    "Invoice Received": "Yes",
    " Type of invoice in file ": "Tax Invoice",
    " Items Received ": "No",
    " Quotes align to presntation ": "Yes"
  },
  {
    "Company Name": "Mkhunji Trading and Enterprises",
    "Purchase Type": "Printer",
    "Service Provider": "Onsite Computers",
    "List of items": "Brother Printer SP-1",
    " Amount ": " R9,990.00 ",
    " Purchase Order ": "Yes",
    "Invoice Received": "Yes",
    " Type of invoice in file ": "Tax Invoice",
    " Items Received ": "No",
    " Quotes align to presntation ": "Yes"
  },
  {
    "Company Name": "Mkhunji Trading and Enterprises",
    "Purchase Type": "Laptop",
    "Service Provider": "Increadible Connection",
    "List of items": "Asus Vivobook Intel, Core i5 8gb ram 512ssd, RAPOO M10= Wireless Mouse Black",
    " Amount ": " R10,999.00 ",
    " Purchase Order ": "Yes",
    "Invoice Received": "Yes",
    " Type of invoice in file ": "Tax Invoice",
    " Items Received ": "No",
    " Quotes align to presntation ": "Yes"
  },
  {
    "Company Name": "Total Grant Disbursement",
    "Purchase Type": "",
    "Service Provider": "",
    "List of items": "",
    " Amount ": " R99,879.00 ",
    " Purchase Order ": "",
    "Invoice Received": "",
    " Type of invoice in file ": "",
    " Items Received ": "",
    " Quotes align to presntation ": ""
  },
  {
    "Company Name": "Ntwaworld (Pty) Ltd",
    "Purchase Type": "Equipment",
    "Service Provider": "TrailArent",
    "List of items": "Jockey Wheel, Spare Tyre",
    " Amount ": " R23,360.00 ",
    " Purchase Order ": "No",
    "Invoice Received": "No",
    " Type of invoice in file ": "Quotation",
    " Items Received ": "No",
    " Quotes align to presntation ": "Yes"
  },
  {
    "Company Name": "Ntwaworld (Pty) Ltd",
    "Purchase Type": "Equipment",
    "Service Provider": "Turner Morris",
    "List of items": "Generator 9KVA  220V AVR Electronic",
    " Amount ": " R12,075.00 ",
    " Purchase Order ": "No",
    "Invoice Received": "No",
    " Type of invoice in file ": "Quotation",
    " Items Received ": "No",
    " Quotes align to presntation ": "Yes"
  },
  {
    "Company Name": "Ntwaworld (Pty) Ltd",
    "Purchase Type": "Equipment",
    "Service Provider": "Onsite Computers",
    "List of items": "Dell Vostro 3530/Core i5 133U, HP Officejet, Microsoft Office Home & Business 2024",
    " Amount ": " R49,650.00 ",
    " Purchase Order ": "No",
    "Invoice Received": "No",
    " Type of invoice in file ": "Quotation",
    " Items Received ": "No",
    " Quotes align to presntation ": "Yes"
  },
  {
    "Company Name": "Ntwaworld (Pty) Ltd",
    "Purchase Type": "Equipment",
    "Service Provider": "Consafe Safety Depot ",
    "List of items": "JKT Dromex Storm Lite Navy DB-STL-NB, Boot Bova Chelsea Blk6, Glove Grange Pro Grip, First Aid Complete Reg 3, Sweet-orr Navy TRS, Rflective Vest Lime/Ora Detach Sleeve",
    " Amount ": " R11,406.89 ",
    " Purchase Order ": "No",
    "Invoice Received": "No",
    " Type of invoice in file ": "Quotation",
    " Items Received ": "No",
    " Quotes align to presntation ": "No"
  },
  {
    "Company Name": "Ntwaworld (Pty) Ltd",
    "Purchase Type": "Stationery",
    "Service Provider": "Waltons",
    "List of items": "Mondi paper, KW Trio Stapler Heavy Duty, Staples 15 mm, Bantex Lever Arch File, Croxley Correction pan, Eraser, 110 HB pensil box, Staedler Ballpoint pens ",
    " Amount ": " R3,297.50 ",
    " Purchase Order ": "No",
    "Invoice Received": "No",
    " Type of invoice in file ": "Quotation",
    " Items Received ": "No",
    " Quotes align to presntation ": "No"
  },
  {
    "Company Name": "Total Grant Disbursement",
    "Purchase Type": "",
    "Service Provider": "",
    "List of items": "",
    " Amount ": " R99,789.39 ",
    " Purchase Order ": "",
    "Invoice Received": "",
    " Type of invoice in file ": "",
    " Items Received ": "",
    " Quotes align to presntation ": ""
  },
  {
    "Company Name": "Perfectionist Fashion Design",
    "Purchase Type": "Equipment",
    "Service Provider": "Pro Sewing",
    "List of items": "Jack D/Drive Straignt Stitch, Jack Five Overlocker, Jack JK-300 Bottle Iron, Iron Shoe (E300) ",
    " Amount ": " R99,080.55 ",
    " Purchase Order ": " Yes ",
    "Invoice Received": " Yes ",
    " Type of invoice in file ": " Tax Invoice ",
    " Items Received ": " Yes ",
    " Quotes align to presntation ": " Yes "
  },
  {
    "Company Name": "Perfectionist Fashion Design",
    "Purchase Type": "Stationery",
    "Service Provider": "Waltons",
    "List of items": "Mondi Rotatrim Copy Paper A4 210mmx297mm 80gsm Bond White (Pack 500), A4 Waltons Primeline Pocket File 30 Pocket (Each), Gloss Laminated 2 Ring Binder 25mm - Lumo Pink Carnation, Waltons Primeline Plastic Pocket A4 Multipunched W45R 60mic (Pack 10), BIC Clic Ballpen (Each)",
    " Amount ": " R913.17 ",
    " Purchase Order ": " Yes ",
    "Invoice Received": " Yes ",
    " Type of invoice in file ": " Pro-Forma Invoice ",
    " Items Received ": " Yes ",
    " Quotes align to presntation ": " Yes "
  },
  {
    "Company Name": "Total Grant Disbursement",
    "Purchase Type": "",
    "Service Provider": "",
    "List of items": "",
    " Amount ": " R99,993.72 ",
    " Purchase Order ": "",
    "Invoice Received": "",
    " Type of invoice in file ": "",
    " Items Received ": "",
    " Quotes align to presntation ": ""
  },
  {
    "Company Name": "Pure Vawter",
    "Purchase Type": "Machinery",
    "Service Provider": "Bourwa Projects",
    "List of items": "Air Percussion drilling 219mm, Steel casing, UPVC Casing pin, DAB Borehole pump, Gravel pack, PVC transportation, Sanitary seal",
    " Amount ": " R48,620.85 ",
    " Purchase Order ": " No ",
    "Invoice Received": " No ",
    " Type of invoice in file ": " Tax Invoice ",
    " Items Received ": " No ",
    " Quotes align to presntation ": " Yes "
  },
  {
    "Company Name": "Pure Vawter",
    "Purchase Type": "Machinery",
    "Service Provider": "Puritech",
    "List of items": "Dispenser Bttle 5 Galon Light Blue Pet-No, Caps for 5 Gallon Bottle, Ice Machine 220V50HZ 159 kg/24h",
    " Amount ": " R42,260.89 ",
    " Purchase Order ": " No ",
    "Invoice Received": " No ",
    " Type of invoice in file ": " Pro-Forma Invoice ",
    " Items Received ": "",
    " Quotes align to presntation ": ""
  },
  {
    "Company Name": "Pure Vawter",
    "Purchase Type": "Equipment",
    "Service Provider": "OK Furniture",
    "List of items": "KIC Fridge 537 L White Chest Freezer",
    " Amount ": " R8,499.00 ",
    " Purchase Order ": " No ",
    "Invoice Received": " No ",
    " Type of invoice in file ": " Quotation ",
    " Items Received ": " No ",
    " Quotes align to presntation ": " Yes "
  },
  {
    "Company Name": "Total Grant Disbursement",
    "Purchase Type": "",
    "Service Provider": "",
    "List of items": "",
    " Amount ": " R99,380.74 ",
    " Purchase Order ": "",
    "Invoice Received": "",
    " Type of invoice in file ": "",
    " Items Received ": "",
    " Quotes align to presntation ": ""
  },
  {
    "Company Name": "Recovery Credit Dispute",
    "Purchase Type": "Furniture",
    "Service Provider": "Waltons",
    "List of items": "Black Como Midback Operator Chairs, Contract Black Xenon High Back Chair, Coimbre Melamine Roller doors Systes cupboard 1200 x 6 00 x 1500H",
    " Amount ": " R19,934.74 ",
    " Purchase Order ": " Yes ",
    "Invoice Received": " Yes ",
    " Type of invoice in file ": " Pro-Forma Invoice ",
    " Items Received ": "No",
    " Quotes align to presntation ": "Yes"
  },
  {
    "Company Name": "Recovery Credit Dispute",
    "Purchase Type": "Monitor",
    "Service Provider": "Incredible Connection",
    "List of items": "Dell Monitor, Epson Cinema Projector, Samsung Galaxy A25 5G 128GB, Logitech Wireless Mouse",
    " Amount ": " R20,547.00 ",
    " Purchase Order ": " Yes ",
    "Invoice Received": " Yes ",
    " Type of invoice in file ": " Pro-Forma Invoice ",
    " Items Received ": "No",
    " Quotes align to presntation ": "Yes"
  },
  {
    "Company Name": "Recovery Credit Dispute",
    "Purchase Type": "System ",
    "Service Provider": "Ifix Business Solutions",
    "List of items": "Credit & Document Management System Software, Implementation & Training",
    " Amount ": " R59,625.00 ",
    " Purchase Order ": " Yes ",
    "Invoice Received": " Yes ",
    " Type of invoice in file ": "Tax Invoice",
    " Items Received ": "No",
    " Quotes align to presntation ": "Yes"
  },
  {
    "Company Name": "Total Grant Disbursement",
    "Purchase Type": "",
    "Service Provider": "",
    "List of items": "",
    " Amount ": " R100,106.74 ",
    " Purchase Order ": "",
    "Invoice Received": "",
    " Type of invoice in file ": "",
    " Items Received ": "",
    " Quotes align to presntation ": ""
  },
  {
    "Company Name": "S Dube Services ",
    "Purchase Type": "Equipment",
    "Service Provider": "Shengelezi Trading",
    "List of items": "Galvanized 3m x 1,6M Trailer (Double axel) 1,5m Height",
    " Amount ": " R69,402.50 ",
    " Purchase Order ": " No ",
    "Invoice Received": " No ",
    " Type of invoice in file ": "Tax Invoice",
    " Items Received ": "No",
    " Quotes align to presntation ": ""
  },
  {
    "Company Name": "S Dube Services ",
    "Purchase Type": "Tools",
    "Service Provider": "Mowcare Richards Bay",
    "List of items": "Chainsaw Stihl MS382 - 37CM Bar & Chain, Pole Pruner Stihl HT75 3/8\"",
    " Amount ": " R28,920.00 ",
    " Purchase Order ": " No ",
    "Invoice Received": " No ",
    " Type of invoice in file ": " Tax Invoice ",
    " Items Received ": "No",
    " Quotes align to presntation ": ""
  },
  {
    "Company Name": "S Dube Services ",
    "Purchase Type": "PPE",
    "Service Provider": "Workwear Depot",
    "List of items": "Versatex Fixed Waist Shorts Khaki 34, Legendary Two-Tone Short Sleeve Shirt",
    " Amount ": " R1,601.00 ",
    " Purchase Order ": " No ",
    "Invoice Received": " No ",
    " Type of invoice in file ": " Pro-Forma Invoice ",
    " Items Received ": "No",
    " Quotes align to presntation ": ""
  },
  {
    "Company Name": "Total Grant Disbursement",
    "Purchase Type": "",
    "Service Provider": "",
    "List of items": "",
    " Amount ": " R99,923.50 ",
    " Purchase Order ": "",
    "Invoice Received": "",
    " Type of invoice in file ": "",
    " Items Received ": "",
    " Quotes align to presntation ": ""
  },
  {
    "Company Name": "Shepard Media and Communications ",
    "Purchase Type": "Equipment",
    "Service Provider": "Broadcast Solutions (Pty) Ltd",
    "List of items": "EX500LD, 500W LDMOS FM Transmitter c/w Stereo Encoder in 2U Module, RDS-1 Built-in RDS encoder Station Name Only, FMD500A, Aluminiun dipole Antenna, 1/2\" Cable Kit-50m 1/2\"Foam Dielectric Cable, 2x Connectors Fitterd, Earth Kit, Wall Gland & Waterproof Tape,  FMSP2/L  2 way RF Power Splitter, CAB25C, 2,5m Foam Dielectrical Cable c/w 7/16\" DIN Connectors, Road Freight to Richards Bay.",
    " Amount ": " R100,000.00 ",
    " Purchase Order ": " Yes ",
    "Invoice Received": " Yes ",
    " Type of invoice in file ": " Pro-Forma Invoice ",
    " Items Received ": " No ",
    " Quotes align to presntation ": " Yes "
  },
  {
    "Company Name": "Total Grant Disbursement",
    "Purchase Type": "",
    "Service Provider": "",
    "List of items": "",
    " Amount ": " R100,000.00 ",
    " Purchase Order ": "",
    "Invoice Received": "",
    " Type of invoice in file ": "",
    " Items Received ": "",
    " Quotes align to presntation ": ""
  },
  {
    "Company Name": "Signergy Signs (Pty) Ltd",
    "Purchase Type": "Machinery",
    "Service Provider": "AM.CO.ZA",
    "List of items": "Fast Colour 1800mm, Printing Area Roll-to=Roll Eco Solvent Ink Large Format Printer with EPSON XP600, Vinyl4 Business 1750mm automatic contour vinyl cutter, AG Volatage/3KVA High Precision Fully Automatic Servo Stabilizer, Variac Volatge Regulator, Box of Roland compatible blades, Call out fee and Travel. ",
    " Amount ": " R99,997.34 ",
    " Purchase Order ": " Yes ",
    "Invoice Received": " Yes ",
    " Type of invoice in file ": " Tax Invoice ",
    " Items Received ": " No ",
    " Quotes align to presntation ": " Yes "
  },
  {
    "Company Name": "Total Grant Disbursement",
    "Purchase Type": "",
    "Service Provider": "",
    "List of items": "",
    " Amount ": " R99,997.34 ",
    " Purchase Order ": "",
    "Invoice Received": "",
    " Type of invoice in file ": "",
    " Items Received ": "",
    " Quotes align to presntation ": ""
  },
  {
    "Company Name": "Siyaqhuba Electrical",
    "Purchase Type": "Equipment",
    "Service Provider": "Incredible Connection",
    "List of items": "HP 15s AMD Ryzen 77730 U 16GB RAM 512GB SSD Laptop, Lenovo Core 13 8GB RAM 512SSD, Thule Construction Backpack, Thule Accent Backpack, Samsung T7 SSD 1TB, Conon MB 2140",
    " Amount ": " R36,494.00 ",
    " Purchase Order ": " Yes ",
    "Invoice Received": " No ",
    " Type of invoice in file ": "Quotation",
    " Items Received ": "No",
    " Quotes align to presntation ": "No"
  },
  {
    "Company Name": "Siyaqhuba Electrical",
    "Purchase Type": "PPE",
    "Service Provider": "Workwear Depot",
    "List of items": "RE652 Crazy Horse Boot Brown 8, RE304 Hiker Hi Boot Brown 8, Stretch Short Sleeve Shirt Fatique L, Colourblock Fleece Jacket Olive/Black, Rugged Ripstop Cargo Trousers fatigue 28, Men's Pcketable Jacket Cobal Blue, Versatex Long Sleeve reflective Sleeve Shirt Yellow/NavyS",
    " Amount ": " R9,572.00 ",
    " Purchase Order ": "Yes",
    "Invoice Received": "No",
    " Type of invoice in file ": "Quotation",
    " Items Received ": "No",
    " Quotes align to presntation ": "No"
  },
  {
    "Company Name": "Siyaqhuba Electrical",
    "Purchase Type": "Equipment",
    "Service Provider": "Icaya Holdings",
    "List of items": "10 Kwh Deye Hybrid Inverter",
    " Amount ": " R40,388.00 ",
    " Purchase Order ": "Yes",
    "Invoice Received": "Yes",
    " Type of invoice in file ": "Tax Invoice",
    " Items Received ": "No",
    " Quotes align to presntation ": "No"
  },
  {
    "Company Name": "Siyaqhuba Electrical",
    "Purchase Type": "Tools",
    "Service Provider": "Builders Warehouse",
    "List of items": "MT Rotary Hammer 22mm, Makita Angle Griner 230mm Wheel 2200WT, Gedore Toolkit Complete, Einhell PXC IMP/Wrench BL Impaxxo 18/230",
    " Amount ": " R12,796.00 ",
    " Purchase Order ": "Yes",
    "Invoice Received": "No",
    " Type of invoice in file ": "Quotation",
    " Items Received ": "No",
    " Quotes align to presntation ": "Yes"
  },
  {
    "Company Name": "Total Grant Disbursement",
    "Purchase Type": "",
    "Service Provider": "",
    "List of items": "",
    " Amount ": " R99,250.00 ",
    " Purchase Order ": "",
    "Invoice Received": "",
    " Type of invoice in file ": "",
    " Items Received ": "",
    " Quotes align to presntation ": ""
  },
  {
    "Company Name": "SK and Mvelo Holdings",
    "Purchase Type": "Equipment",
    "Service Provider": "AM.CO.ZA",
    "List of items": "Desktop 80W CO2 Laser Cutting and Engraving Machine Complete Package, Vinyl4- Business 1750mm WorkingArea Automatic Contour Cutting Vinyl Cutter with Collection Basket and VinylCut Software. Median Customized Wooden Crate for Laser Tube Transport, Premium Laser Optical components cleaning wipe for lens, mirrors, laser tubes etc. ",
    " Amount ": " R71,915.73 ",
    " Purchase Order ": " Yes ",
    "Invoice Received": " Yes ",
    " Type of invoice in file ": " Pro-Forma Invoice ",
    " Items Received ": "No",
    " Quotes align to presntation ": "Yes"
  },
  {
    "Company Name": "SK and Mvelo Holdings",
    "Purchase Type": "Equipment",
    "Service Provider": "Incredible Connection",
    "List of items": "Dell Inspiron 3530 Core, Windows 11 Home 3year warrenty, Cuddy Router LTE 4G, Logitech Wireless Mouse, Winx Go Fast 2 30000mAh Black Power, Toshiba 1TB",
    " Amount ": " R18,846.00 ",
    " Purchase Order ": " Yes ",
    "Invoice Received": " Yes ",
    " Type of invoice in file ": "Quotation",
    " Items Received ": "No",
    " Quotes align to presntation ": "Yes"
  },
  {
    "Company Name": "SK and Mvelo Holdings",
    "Purchase Type": "Tools",
    "Service Provider": "Maizey's Pty Ltd",
    "List of items": "Grafitack Promo P148 Royal Blue 610mm, Grafitack Promo P101 White 610mm, Plexi GS 5H01 Gloss 3mm -1 1500 x 1200",
    " Amount ": " R2,115.78 ",
    " Purchase Order ": " Yes ",
    "Invoice Received": " Yes ",
    " Type of invoice in file ": " Pro-Forma Invoice ",
    " Items Received ": "No",
    " Quotes align to presntation ": "Yes"
  },
  {
    "Company Name": "SK and Mvelo Holdings",
    "Purchase Type": "Equipment",
    "Service Provider": "SKL Computers",
    "List of items": "Microsoft Office Personal yearly subcription, Brother MFP ink tank printer",
    " Amount ": " R7,098.00 ",
    " Purchase Order ": " Yes ",
    "Invoice Received": " Yes ",
    " Type of invoice in file ": "Quotation",
    " Items Received ": "No",
    " Quotes align to presntation ": "Yes"
  },
  {
    "Company Name": "Total Grant Disbursement",
    "Purchase Type": "",
    "Service Provider": "",
    "List of items": "",
    " Amount ": " R99,975.51 ",
    " Purchase Order ": "",
    "Invoice Received": "",
    " Type of invoice in file ": "",
    " Items Received ": "",
    " Quotes align to presntation ": ""
  },
  {
    "Company Name": "SmaEve Designs ",
    "Purchase Type": "Building Material",
    "Service Provider": "Hlabisa Build It",
    "List of items": "Shutter Board, Blocks, Sephaku Cement, Sand Plaster, Sand River, 1 Cube Stone, Aluminium Window, Mer Door Frame, Meranti 8 Panel Door, IBR Sheeting 4,2M, Poles 3,0m & 6,0M, 38x114 Rafter Treated, 50x76 Mpurlin Treated, IBR Sheeting 6,0 4MM Henroof",
    " Amount ": " R49,066.30 ",
    " Purchase Order ": " Yes ",
    "Invoice Received": " Yes ",
    " Type of invoice in file ": " Pro-Forma Invoice ",
    " Items Received ": " No ",
    " Quotes align to presntation ": " Yes "
  },
  {
    "Company Name": "SmaEve Designs ",
    "Purchase Type": "Equipment",
    "Service Provider": "Zebra Logistics Solutions",
    "List of items": "Brrod Box with Colony, Super 10 frame, Honey Extractor, Honey Decenter, Honey Strainer, Honey Refractomerter, Side Mount Frame Holder, Stanless Steel Sink Table, Bhive Bee Suit  ",
    " Amount ": " R50,933.50 ",
    " Purchase Order ": " Yes ",
    "Invoice Received": " Yes ",
    " Type of invoice in file ": " Tax Invoice ",
    " Items Received ": " No ",
    " Quotes align to presntation ": " Yes "
  },
  {
    "Company Name": "Total Grant Disbursement",
    "Purchase Type": "",
    "Service Provider": "",
    "List of items": "",
    " Amount ": " R99,999.80 ",
    " Purchase Order ": "",
    "Invoice Received": "",
    " Type of invoice in file ": "",
    " Items Received ": "",
    " Quotes align to presntation ": ""
  },
  {
    "Company Name": "Snekhethelo Business Enterprise",
    "Purchase Type": "Equipment",
    "Service Provider": "Chief Africa Investments",
    "List of items": "Steel table S/B 1,2m, Griller Gas Flat Top, Boiling Table 2 Burner 25mm, Gas Griller Flat & Rigged DBL Fryer",
    " Amount ": " R22,073.00 ",
    " Purchase Order ": " No ",
    "Invoice Received": " No ",
    " Type of invoice in file ": " Pro-Forma Invoice ",
    " Items Received ": " No ",
    " Quotes align to presntation ": " Yes "
  },
  {
    "Company Name": "Snekhethelo Business Enterprise",
    "Purchase Type": "Equipment",
    "Service Provider": "Osiphayo Services",
    "List of items": "Material, Labour, Conumables, Metalic grit sandblasting, painting, transport",
    " Amount ": " R77,926.00 ",
    " Purchase Order ": " No ",
    "Invoice Received": " No ",
    " Type of invoice in file ": " Tax Invoice ",
    " Items Received ": " No ",
    " Quotes align to presntation ": " No "
  },
  {
    "Company Name": "Total Grant Disbursement",
    "Purchase Type": "",
    "Service Provider": "",
    "List of items": "",
    " Amount ": " R99,999.00 ",
    " Purchase Order ": "",
    "Invoice Received": "",
    " Type of invoice in file ": "",
    " Items Received ": "",
    " Quotes align to presntation ": ""
  },
  {
    "Company Name": "SNV Solutions ",
    "Purchase Type": "Equipment",
    "Service Provider": "Mvanand Tech Group (Pty) Ltd",
    "List of items": "25kg Industrial Washing Machine",
    " Amount ": " R68,591.75 ",
    " Purchase Order ": " Yes ",
    "Invoice Received": " Yes ",
    " Type of invoice in file ": " Tax Invoice ",
    " Items Received ": " No ",
    " Quotes align to presntation ": " No "
  },
  {
    "Company Name": "SNV Solutions ",
    "Purchase Type": "Tools",
    "Service Provider": "Builders Warehouse",
    "List of items": "Bosch Lag GWS 2200 230mm, Trimtech Brushcutter 52cc, Ryobi Rot/Hammer 500W",
    " Amount ": " R13,405.00 ",
    " Purchase Order ": " Yes ",
    "Invoice Received": " Yes ",
    " Type of invoice in file ": " Pro-Forma Invoice ",
    " Items Received ": " No ",
    " Quotes align to presntation ": " Yes "
  },
  {
    "Company Name": "SNV Solutions ",
    "Purchase Type": "Laptop and Printer",
    "Service Provider": "Incredible Connection",
    "List of items": "Lenovo IdeaPad Intel Celeron N4500 8GB RAM 256GB SSD Laptop, Volkano Focus Series 15,6\" Laptop Backpack & wireless Mouse, Pantum BM2305AQ3 in 1 Mono laserprinter",
    " Amount ": " R17,595.00 ",
    " Purchase Order ": " Yes ",
    "Invoice Received": " Yes ",
    " Type of invoice in file ": " Pro-Forma Invoice ",
    " Items Received ": " No ",
    " Quotes align to presntation ": " Yes "
  },
  {
    "Company Name": "Total Grant Disbursement",
    "Purchase Type": "",
    "Service Provider": "",
    "List of items": "",
    " Amount ": " R99,591.75 ",
    " Purchase Order ": "",
    "Invoice Received": "",
    " Type of invoice in file ": "",
    " Items Received ": "",
    " Quotes align to presntation ": ""
  },
  {
    "Company Name": "Sokhulu and Partners Car Hire",
    "Purchase Type": "Tow Bar",
    "Service Provider": "Anylbar Transport",
    "List of items": "Polo vivo 2006 Tow Bar 392000, Polo Vivo 2020 Tow Bar 531900",
    " Amount ": " R7,400.00 ",
    " Purchase Order ": " Yes ",
    "Invoice Received": " Yes ",
    " Type of invoice in file ": "Pro-Forma Invoice",
    " Items Received ": "No",
    " Quotes align to presntation ": ""
  },
  {
    "Company Name": "Sokhulu and Partners Car Hire",
    "Purchase Type": "Trailor",
    "Service Provider": "Shengelezi Trading",
    "List of items": "Tailor",
    " Amount ": " R92,600.00 ",
    " Purchase Order ": " Yes ",
    "Invoice Received": "Yes",
    " Type of invoice in file ": "Tax Invoice",
    " Items Received ": "",
    " Quotes align to presntation ": ""
  },
  {
    "Company Name": "Total Grant Disbursement",
    "Purchase Type": "",
    "Service Provider": "",
    "List of items": "",
    " Amount ": " R100,000.00 ",
    " Purchase Order ": "",
    "Invoice Received": "",
    " Type of invoice in file ": "",
    " Items Received ": "",
    " Quotes align to presntation ": ""
  },
  {
    "Company Name": "Solwakhe ",
    "Purchase Type": "Equipment",
    "Service Provider": "Makro",
    "List of items": "Foldable Massage Bed Professional, DET Dual Iconic Foot Spa Machine, Detox Foot Patches, Skin Care Criolipolisi Cool Tech Fat freezing 3 Cryo Handles, Face Steamer, Hydro Dermabrasion Face Peeling, Flatpack DIY Manicure Nail Desk, HP Intel Celeron Dual Core, Foot Bath, Royal Drill 35000, USB fan",
    " Amount ": " R80,567.00 ",
    " Purchase Order ": " No ",
    "Invoice Received": " No ",
    " Type of invoice in file ": "Quotation",
    " Items Received ": "No",
    " Quotes align to presntation ": "Yes"
  },
  {
    "Company Name": "Solwakhe ",
    "Purchase Type": "Equipment",
    "Service Provider": "Mr Price Home",
    "List of items": "",
    " Amount ": " R1,427.91 ",
    " Purchase Order ": " No ",
    "Invoice Received": " No ",
    " Type of invoice in file ": "Pro-Forma Invoice",
    " Items Received ": "No",
    " Quotes align to presntation ": "Yes"
  },
  {
    "Company Name": "Solwakhe ",
    "Purchase Type": "Stock",
    "Service Provider": "Dis-Chem",
    "List of items": "",
    " Amount ": " R17,929.69 ",
    " Purchase Order ": " No ",
    "Invoice Received": " No ",
    " Type of invoice in file ": "Quotation",
    " Items Received ": "No",
    " Quotes align to presntation ": "Yes"
  },
  {
    "Company Name": "Total Grant Disbursement",
    "Purchase Type": "",
    "Service Provider": "",
    "List of items": "",
    " Amount ": " R99,924.60 ",
    " Purchase Order ": "",
    "Invoice Received": "",
    " Type of invoice in file ": "",
    " Items Received ": "",
    " Quotes align to presntation ": ""
  },
  {
    "Company Name": "Sthenjwa Visuals",
    "Purchase Type": "Equipment",
    "Service Provider": "ORMS",
    "List of items": "DJI842 DJI Ronin RS4 SONV146 Sony FX30 Cinema Body Only SONL034 Sony FE 3500 1,8 Lens DJI Air 3S Fly More Combo HAHN493 HAHNEL HL - XZ100 7,2V 2250MAh Twin CU10017518 ",
    " Amount ": " R96,880.00 ",
    " Purchase Order ": " Yes ",
    "Invoice Received": " No ",
    " Type of invoice in file ": " Quotation ",
    " Items Received ": " Yes ",
    " Quotes align to presntation ": " Yes "
  },
  {
    "Company Name": "Sthenjwa Visuals",
    "Purchase Type": "Laptop",
    "Service Provider": "Incredible Connection",
    "List of items": "Lenovo 10,1-inch IPS FHD Multi-Touch 4GB RAM 64GB ROM 4G-LTE +Cover",
    " Amount ": " R2,999.00 ",
    " Purchase Order ": " Yes ",
    "Invoice Received": " No ",
    " Type of invoice in file ": " Quotation ",
    " Items Received ": " Yes ",
    " Quotes align to presntation ": " Yes "
  },
  {
    "Company Name": "Total Grant Disbursement",
    "Purchase Type": "",
    "Service Provider": "",
    "List of items": "",
    " Amount ": " R99,879.00 ",
    " Purchase Order ": "",
    "Invoice Received": "",
    " Type of invoice in file ": "",
    " Items Received ": "",
    " Quotes align to presntation ": ""
  },
  {
    "Company Name": "Thabza Net ",
    "Purchase Type": "Container",
    "Service Provider": "Atlas Civil Engineering",
    "List of items": "1 x 20 ft/6m Refurbished Container, Rubberized Flooring, 2x lights & Plug Points, 1 x DB Box, Paint, 1 x 1,8 x 2,1m Glass sliding door, Delivery",
    " Amount ": " R60,115.00 ",
    " Purchase Order ": " Yes ",
    "Invoice Received": " Yes ",
    " Type of invoice in file ": " Tax Invoice ",
    " Items Received ": " No ",
    " Quotes align to presntation ": " Yes "
  },
  {
    "Company Name": "Thabza Net ",
    "Purchase Type": "Inverter",
    "Service Provider": "Game",
    "List of items": "Samsung A R3000 Non-Inverter 12000 BTU",
    " Amount ": " R7,499.00 ",
    " Purchase Order ": " Yes ",
    "Invoice Received": " Yes ",
    " Type of invoice in file ": " Pro-Forma Invoice ",
    " Items Received ": " No ",
    " Quotes align to presntation ": " Yes "
  },
  {
    "Company Name": "Thabza Net ",
    "Purchase Type": "Equipment",
    "Service Provider": "Onsite Computers",
    "List of items": "HP Elitedesk, Arktek 8 GB 3200 MHZ DDR4 Notebook RAM, APACER As350 256GB, Intel UHD Graphics 630, Windows 11, Philips 203V5LHSB2/73 1905 inch Monitor, Seagate 1 TB 3,5 Surveilance hard drive, Power Supply 12v 9,3A 9ch, BNC male Connector, Power patch cable, Philips 19 inch monitor. ",
    " Amount ": " R26,980.00 ",
    " Purchase Order ": " Yes ",
    "Invoice Received": " Yes ",
    " Type of invoice in file ": " Pro-Forma Invoice ",
    " Items Received ": " No ",
    " Quotes align to presntation ": " Yes "
  },
  {
    "Company Name": "Thabza Net ",
    "Purchase Type": "Stationery",
    "Service Provider": "Waltons",
    "List of items": "Mondi Box of 5 reams paper, Stapler. ",
    " Amount ": " R5,376.17 ",
    " Purchase Order ": " Yes ",
    "Invoice Received": " No ",
    " Type of invoice in file ": " Quotation ",
    " Items Received ": " No ",
    " Quotes align to presntation ": " Yes "
  },
  {
    "Company Name": "Total Grant Disbursement",
    "Purchase Type": "",
    "Service Provider": "",
    "List of items": "",
    " Amount ": " R99,970.17 ",
    " Purchase Order ": "",
    "Invoice Received": "",
    " Type of invoice in file ": "",
    " Items Received ": "",
    " Quotes align to presntation ": ""
  },
  {
    "Company Name": "Thulys Fast Food",
    "Purchase Type": "Equipment",
    "Service Provider": "Game",
    "List of items": "Top Freezer, 3 plate stove, Defy Microwave, Bennet Read Grill, 10 Dinner Plate",
    " Amount ": " R10,375.93 ",
    " Purchase Order ": " Yes ",
    "Invoice Received": " No ",
    " Type of invoice in file ": "Quotation",
    " Items Received ": "No",
    " Quotes align to presntation ": "Yes"
  },
  {
    "Company Name": "Thulys Fast Food",
    "Purchase Type": "Equipment",
    "Service Provider": "Chief Africa Investments",
    "List of items": "Fryer Electrical DBL, Double Door Cooler F/S Sliding 772L, KIC Chest Freezer 543LT",
    " Amount ": " R32,896.00 ",
    " Purchase Order ": " Yes ",
    "Invoice Received": " Yes ",
    " Type of invoice in file ": " Pro-Forma Invoice ",
    " Items Received ": "No",
    " Quotes align to presntation ": "Yes"
  },
  {
    "Company Name": "Thulys Fast Food",
    "Purchase Type": "Building Material",
    "Service Provider": "Build It",
    "List of items": "IBR Sheet 0,4 x 4,2 m, Pine 38x114 v5 4,2, Pine 50x76 V5 4,2, Door Mer Engineered 8 Panel, Door Pine Stable Horz , Orgegan/Imbiua, Frame mer 42x86, Ceiling Panel PVC 6mm P/Box,Tile Porcelean Hong Kong White, Fence W/mesh 1,8mx100x50x2,3mm Gal Green, Creo Pole 50-75 2,4m Red, Staples Fencing 32mm, Wire Gal 3,1mmx5KG, Tile Adhesive Porcelain B/IT 20KG, Window Alum PT129 Nat/BRZ, Fan 5 Blake Desk Plastic Box, Cement Sepaku 42,5 50 KG, Generator 4St Air Cooled 5,5W",
    " Amount ": " R56,662.80 ",
    " Purchase Order ": " Yes ",
    "Invoice Received": " No ",
    " Type of invoice in file ": "Quotation",
    " Items Received ": "No",
    " Quotes align to presntation ": "Yes"
  },
  {
    "Company Name": "Total Grant Disbursement",
    "Purchase Type": "",
    "Service Provider": "",
    "List of items": "",
    " Amount ": " R99,934.73 ",
    " Purchase Order ": "",
    "Invoice Received": "",
    " Type of invoice in file ": "",
    " Items Received ": "",
    " Quotes align to presntation ": ""
  },
  {
    "Company Name": "TSCUAA",
    "Purchase Type": "Equipment",
    "Service Provider": "Mega LG Commercial",
    "List of items": "Washer 340G 15KG",
    " Amount ": " R62,531.25 ",
    " Purchase Order ": " Yes ",
    "Invoice Received": " No ",
    " Type of invoice in file ": "Tax Invoice",
    " Items Received ": "No",
    " Quotes align to presntation ": "Yes"
  },
  {
    "Company Name": "TSCUAA",
    "Purchase Type": "Equipment",
    "Service Provider": "Turner Morris",
    "List of items": "Generator 9KVA 220V Electric Start, c/w Large Fuel Tank & Wheels",
    " Amount ": " R12,648.85 ",
    " Purchase Order ": " Yes ",
    "Invoice Received": " No ",
    " Type of invoice in file ": "Quotation",
    " Items Received ": "No",
    " Quotes align to presntation ": "Yes"
  },
  {
    "Company Name": "TSCUAA",
    "Purchase Type": "Tools",
    "Service Provider": "MQLQ Trading Pty Ltd (HomeHyper)",
    "List of items": "300KG Scale",
    " Amount ": " R1,400.00 ",
    " Purchase Order ": " Yes ",
    "Invoice Received": " No ",
    " Type of invoice in file ": "Tax Invoice",
    " Items Received ": "No",
    " Quotes align to presntation ": "Yes"
  },
  {
    "Company Name": "TSCUAA",
    "Purchase Type": "Equipment",
    "Service Provider": "Hirchs",
    "List of items": "Genesis Garment Stemer Platinum, GC3920 Philips Perfect Care Azure Iron, DST5020/30 Philips 5000 Series Steam IRO, Wa27B8375GV/FA Samsung WM TL 27KG",
    " Amount ": " R23,499.96 ",
    " Purchase Order ": " Yes ",
    "Invoice Received": " No ",
    " Type of invoice in file ": "Tax Invoice",
    " Items Received ": "No",
    " Quotes align to presntation ": "Yes"
  },
  {
    "Company Name": "Total Grant Disbursement",
    "Purchase Type": "",
    "Service Provider": "",
    "List of items": "",
    " Amount ": " R100,080.06 ",
    " Purchase Order ": "",
    "Invoice Received": "",
    " Type of invoice in file ": "",
    " Items Received ": "",
    " Quotes align to presntation ": ""
  },
  {
    "Company Name": "Umathole Amahle",
    "Purchase Type": "Equipment",
    "Service Provider": "Dunga Creations",
    "List of items": "300KG Scale, Mixing Detergents multi-Jack tank 250l ",
    " Amount ": " R100,000.00 ",
    " Purchase Order ": " No ",
    "Invoice Received": " No ",
    " Type of invoice in file ": " Tax Invoice ",
    " Items Received ": " No ",
    " Quotes align to presntation ": " Yes "
  },
  {
    "Company Name": "Total Grant Disbursement",
    "Purchase Type": "",
    "Service Provider": "",
    "List of items": "",
    " Amount ": " R100,000.00 ",
    " Purchase Order ": " No ",
    "Invoice Received": " No ",
    " Type of invoice in file ": "Quotation",
    " Items Received ": "Nno",
    " Quotes align to presntation ": "Yes"
  },
  {
    "Company Name": "VBM Legacy",
    "Purchase Type": "Building Material",
    "Service Provider": "AK Multi Sales T/A Alco Roofing",
    "List of items": "Awnings chromadeck sheeting and gutters, Lip channel galvenised, Poles galvanised, Down pipe set",
    " Amount ": " R69,998.95 ",
    " Purchase Order ": " Yes ",
    "Invoice Received": " Yes ",
    " Type of invoice in file ": "Tax Invoice",
    " Items Received ": "No",
    " Quotes align to presntation ": "Yes"
  },
  {
    "Company Name": "VBM Legacy",
    "Purchase Type": "Equipment",
    "Service Provider": "Chief Africa Investments",
    "List of items": " Apron, 4x Burner Griller, 1x 25mm 2 Burner Boiling Table, 2Pan Chaffing Dish, Flat Top Electric griller, Electric Fryer, S/Steel Slotted Turner, 225mm 9inch Utility Tong, Med alum Tong, ",
    " Amount ": " R29,942.00 ",
    " Purchase Order ": " Yes ",
    "Invoice Received": " Yes ",
    " Type of invoice in file ": " Pro-Forma Invoice ",
    " Items Received ": "No",
    " Quotes align to presntation ": "Yes"
  },
  {
    "Company Name": "Total Grant Disbursement",
    "Purchase Type": "",
    "Service Provider": "",
    "List of items": "",
    " Amount ": " R99,940.95 ",
    " Purchase Order ": "",
    "Invoice Received": "",
    " Type of invoice in file ": "",
    " Items Received ": "",
    " Quotes align to presntation ": ""
  },
  {
    "Company Name": "Vuks Engineering and Construction",
    "Purchase Type": "Laptop and Printer",
    "Service Provider": "Incredible Connection",
    "List of items": "HP 15s Ryzen 5 7520U 16GB RAM 512GB SSD Laptop, Samsung Galaxy A16 128GB Black, HP 903XL Blk Colour Bundle 4 Pack",
    " Amount ": " R16,197.00 ",
    " Purchase Order ": " Yes ",
    "Invoice Received": " Yes ",
    " Type of invoice in file ": " Pro-Forma Invoice ",
    " Items Received ": " No ",
    " Quotes align to presntation ": " Yes "
  },
  {
    "Company Name": "Vuks Engineering and Construction",
    "Purchase Type": "Tools",
    "Service Provider": "Mowcare Richards Bay",
    "List of items": "Brush Cutter Stihl FS235 Chainsaw Stil MS310 - 37cm Bar & Chain",
    " Amount ": " R14,690.00 ",
    " Purchase Order ": " Yes ",
    "Invoice Received": " Yes ",
    " Type of invoice in file ": " Tax Invoice ",
    " Items Received ": " No ",
    " Quotes align to presntation ": " Yes "
  },
  {
    "Company Name": "Vuks Engineering and Construction",
    "Purchase Type": "Tools",
    "Service Provider": "Bolt Centre",
    "List of items": "Weld & Cutting Kit Matweld, Generator 5,5KW 4stroke Petrol Ingco, Inverter250A MIG/Stick/Tig 251KKD, Compressor 10 lt220V B/D, Hammer Drill Driver, Grinder 115mm WP11, Grinder 230mm MVT Metabo 2600 W, Chain Block 1,5T, Mig Torch BNZ 250 x 4m Matweld, Toolbox Mechanics 172pce, Cut Off Saw 2400W 355mm Ingco, Riveter FH10 MK11 Hand fascor ",
    " Amount ": " R68,535.51 ",
    " Purchase Order ": " Yes ",
    "Invoice Received": " Yes ",
    " Type of invoice in file ": " Pro-Forma Invoice ",
    " Items Received ": " No ",
    " Quotes align to presntation ": " Yes"
  }
]
